{"type": "FeatureCollection", "features": [{"type": "Feature", "properties": {"id": 1, "name": "\u0646\u06cc\u0631\u0648\u06af\u0627\u0647 \u0637\u0631\u0634\u062a (\u0634\u0647\u06cc\u062f \u0641\u06cc\u0631\u0648\u0632\u06cc)", "type": "industrial", "pollutionScore": 30}, "geometry": {"type": "MultiPolygon", "coordinates": [[[[51.3519305, 35.7247413], [51.3524818, 35.7235703], [51.3526993, 35.7236292], [51.3540101, 35.724067], [51.3535334, 35.725096], [51.352659, 35.7247747], [51.352556, 35.7249479], [51.3519305, 35.7247413]]]]}}, {"type": "Feature", "properties": {"id": 2, "name": "Industrial Area", "type": "industrial", "pollutionScore": 37}, "geometry": {"type": "MultiPolygon", "coordinates": [[[[51.4294987, 35.6113827], [51.4315478, 35.6103476], [51.4312811, 35.6094506], [51.4372221, 35.6120234], [51.4381072, 35.6122599], [51.437953, 35.6135506], [51.4400657, 35.6138083], [51.4399744, 35.6152663], [51.441587, 35.6154634], [51.4411704, 35.6181689], [51.4378284, 35.6177698], [51.437889, 35.6172179], [51.4347972, 35.6169517], [51.4315863, 35.6167162], [51.4313538, 35.6152071], [51.4330513, 35.6152663], [51.433318, 35.6159957], [51.4346032, 35.6160942], [51.4346638, 35.615217], [51.4335726, 35.6152663], [51.4328694, 35.6139258], [51.4324693, 35.6140342], [51.4325165, 35.6141349], [51.4325663, 35.6142412], [51.4313652, 35.6146725], [51.4312326, 35.6147241], [51.4307233, 35.6139652], [51.4304903, 35.6134698], [51.4304145, 35.6133085], [51.4304081, 35.6132949], [51.4312505, 35.6128957], [51.4309294, 35.6122599], [51.4300494, 35.612609], [51.4294987, 35.6113827]]]]}}, {"type": "Feature", "properties": {"id": 3, "name": "Industrial Area", "type": "industrial", "pollutionScore": 44}, "geometry": {"type": "MultiPolygon", "coordinates": [[[[51.4369031, 35.6255477], [51.4372949, 35.6220572], [51.4381294, 35.6221295], [51.4393439, 35.6222346], [51.4414159, 35.6223161], [51.4433492, 35.6223922], [51.4433434, 35.6227447], [51.4411505, 35.6226781], [51.4407019, 35.6242747], [51.4433208, 35.6243339], [51.4426195, 35.6271459], [51.442592, 35.6271172], [51.4421532, 35.6270853], [51.441963, 35.6271353], [51.4392591, 35.6278456], [51.4390596, 35.6274636], [51.4389308, 35.6270573], [51.4389523, 35.6267642], [51.4388525, 35.6263788], [51.4385306, 35.6260945], [51.438035, 35.6258852], [51.4369031, 35.6255477]]]]}}, {"type": "Feature", "properties": {"id": 4, "name": "Industrial Area", "type": "industrial", "pollutionScore": 30}, "geometry": {"type": "MultiPolygon", "coordinates": [[[[51.4362037, 35.6111461], [51.436434, 35.6090071], [51.438568, 35.6084156], [51.4382891, 35.6114812], [51.438083, 35.6118854], [51.4373632, 35.611708], [51.4372827, 35.6116882], [51.436481, 35.6112862], [51.4362037, 35.6111461]]]]}}, {"type": "Feature", "properties": {"id": 5, "name": "Industrial Area", "type": "industrial", "pollutionScore": 41}, "geometry": {"type": "MultiPolygon", "coordinates": [[[[51.415071, 35.6135679], [51.4162844, 35.6091565], [51.4175389, 35.6093366], [51.418178, 35.6094054], [51.4189733, 35.6095112], [51.4180549, 35.614179], [51.4178533, 35.614142], [51.4177489, 35.6146205], [51.4177095, 35.6148336], [51.4174328, 35.6147949], [51.4168134, 35.6146765], [51.4169293, 35.6141752], [51.4171672, 35.6142195], [51.417217, 35.6140535], [51.4170953, 35.6140314], [51.4171064, 35.6138654], [51.4169902, 35.6138654], [51.416044, 35.6137381], [51.415071, 35.6135679]]]]}}, {"type": "Feature", "properties": {"id": 6, "name": "\u067e\u0634\u062a\u06cc\u0628\u0627\u0646\u06cc \u0648 \u0646\u0648\u0633\u0627\u0632\u06cc \u0647\u0644\u06cc\u06a9\u0648\u067e\u062a\u0631\u0647\u0627\u06cc \u0627\u06cc\u0631\u0627\u0646", "type": "industrial", "pollutionScore": 42}, "geometry": {"type": "MultiPolygon", "coordinates": [[[[51.3222265, 35.6983811], [51.3222644, 35.6982537], [51.3225342, 35.6978576], [51.3233573, 35.6968835], [51.3252701, 35.694477], [51.3254191, 35.6943815], [51.3254974, 35.6943365], [51.3255559, 35.6943372], [51.3256089, 35.6943357], [51.3256565, 35.6943462], [51.3257949, 35.6944162], [51.3317137, 35.6975924], [51.332464, 35.6979921], [51.332678, 35.6981054], [51.3323888, 35.6985039], [51.3320658, 35.6983665], [51.3317937, 35.6984111], [51.3316928, 35.6985283], [51.3316785, 35.6985689], [51.3315252, 35.6987628], [51.3310497, 35.6985241], [51.3307, 35.6983263], [51.3299329, 35.6992657], [51.3297552, 35.6992593], [51.3296167, 35.6992423], [51.3292081, 35.6992325], [51.3285959, 35.6992177], [51.3275517, 35.6991925], [51.326858, 35.6991876], [51.326668, 35.6991863], [51.3259318, 35.6991668], [51.3250131, 35.6991438], [51.3231457, 35.6990799], [51.3227851, 35.6990879], [51.3226446, 35.6990578], [51.3225578, 35.6990095], [51.322461, 35.6989221], [51.3224167, 35.698869], [51.3223204, 35.6987538], [51.3222546, 35.6986079], [51.3222265, 35.6983811]]]]}}, {"type": "Feature", "properties": {"id": 7, "name": "\u0627\u0646\u0628\u0627\u0631 \u0646\u0641\u062a \u0634\u0647\u0631\u0627\u0646 \u0634\u0645\u0627\u0644\u06cc", "type": "industrial", "pollutionScore": 31}, "geometry": {"type": "MultiPolygon", "coordinates": [[[[51.2950651, 35.7791839], [51.2952458, 35.7789714], [51.2953067, 35.7788998], [51.29532, 35.7786997], [51.2960893, 35.778654], [51.299085, 35.7789025], [51.2998334, 35.779368], [51.3006434, 35.7794303], [51.3009173, 35.7796123], [51.3012966, 35.7799129], [51.3017493, 35.780179], [51.301952, 35.7804018], [51.3019092, 35.7809433], [51.3019759, 35.7814016], [51.3014487, 35.782376], [51.3013154, 35.7825512], [51.2996901, 35.7824705], [51.2989689, 35.7824325], [51.2982436, 35.7822587], [51.2957332, 35.7819984], [51.2956089, 35.7814144], [51.2954066, 35.7796804], [51.2950651, 35.7791839]]]]}}, {"type": "Feature", "properties": {"id": 8, "name": "\u0627\u0646\u0628\u0627\u0631 \u0646\u0641\u062a \u0627\u0642\u062f\u0633\u06cc\u0647", "type": "industrial", "pollutionScore": 40}, "geometry": {"type": "MultiPolygon", "coordinates": [[[[51.5358993, 35.7892988], [51.5398583, 35.788794], [51.5408131, 35.7903605], [51.5410384, 35.7905607], [51.5413066, 35.7925014], [51.54112, 35.7928147], [51.5379807, 35.7923186], [51.5372082, 35.7919967], [51.5362212, 35.7911786], [51.5359078, 35.7904011], [51.5358993, 35.7892988]]]]}}, {"type": "Feature", "properties": {"id": 9, "name": "Industrial Area", "type": "industrial", "pollutionScore": 46}, "geometry": {"type": "MultiPolygon", "coordinates": [[[[51.5486774, 35.7287032], [51.5500399, 35.7271529], [51.5509504, 35.7261186], [51.5514626, 35.7259771], [51.5526899, 35.7260381], [51.5538551, 35.7261252], [51.55401, 35.7261357], [51.5547563, 35.7261861], [51.5555288, 35.7263168], [51.5547696, 35.7273014], [51.5535988, 35.7266547], [51.5526792, 35.7274665], [51.551145, 35.729191], [51.5503081, 35.7287468], [51.5496751, 35.7293826], [51.5486774, 35.7287032]]]]}}, {"type": "Feature", "properties": {"id": 10, "name": "\u06a9\u0627\u0631\u062e\u0627\u0646\u0647 \u0646\u0648\u0634\u0627\u0628\u0647 \u0632\u0645\u0632\u0645", "type": "industrial", "pollutionScore": 39}, "geometry": {"type": "MultiPolygon", "coordinates": [[[[51.3621633, 35.7000071], [51.3621831, 35.6994987], [51.362918, 35.6995222], [51.3628963, 35.6999289], [51.3627872, 35.7000229], [51.3621633, 35.7000071]]]]}}, {"type": "Feature", "properties": {"id": 11, "name": "\u062f\u0627\u0646\u0634\u06a9\u062f\u0647 \u0645\u0647\u0646\u062f\u0633\u06cc \u0635\u0646\u0627\u06cc\u0639", "type": "industrial", "pollutionScore": 36}, "geometry": {"type": "MultiPolygon", "coordinates": [[[[51.3502158, 35.7037658], [51.3502253, 35.7036089], [51.3503388, 35.7036081], [51.3503402, 35.7036322], [51.3506241, 35.7036365], [51.350622, 35.7037276], [51.3506731, 35.7037284], [51.3506708, 35.7037807], [51.3506319, 35.7037823], [51.3506328, 35.7038554], [51.3504238, 35.7038486], [51.3504307, 35.7037729], [51.3502158, 35.7037658]]]]}}, {"type": "Feature", "properties": {"id": 12, "name": "\u067e\u0698\u0648\u0647\u0634\u06a9\u062f\u0647 \u0633\u06cc\u0633\u062a\u0645\u0647\u0627\u06cc \u067e\u06cc\u0634\u0631\u0641\u062a\u0647 \u0635\u0646\u0639\u062a\u06cc", "type": "industrial", "pollutionScore": 39}, "geometry": {"type": "MultiPolygon", "coordinates": [[[[51.3460557, 35.7120792], [51.346061, 35.7119878], [51.3460906, 35.7119159], [51.3461281, 35.7118614], [51.3461764, 35.7118157], [51.3462488, 35.7117722], [51.3463534, 35.7117504], [51.3464714, 35.7117547], [51.3467799, 35.7117678], [51.3467745, 35.7119159], [51.3468009, 35.7119681], [51.3468121, 35.7120509], [51.346796, 35.712125], [51.3467665, 35.7121881], [51.3467232, 35.7121749], [51.3466592, 35.7122447], [51.3465814, 35.7122905], [51.3464795, 35.7123188], [51.3463722, 35.7123253], [51.3462703, 35.7123079], [51.346176, 35.7122577], [51.3461147, 35.7122099], [51.3460798, 35.7121555], [51.3460557, 35.7120792]]]]}}, {"type": "Feature", "properties": {"id": 13, "name": "\u0645\u0627\u062a\u06cc\u0631\u0627\u0646", "type": "industrial", "pollutionScore": 33}, "geometry": {"type": "MultiPolygon", "coordinates": [[[[51.5223218, 35.790203], [51.5231092, 35.789903], [51.5234851, 35.790474], [51.5227095, 35.7907885], [51.5223218, 35.790203]]]]}}, {"type": "Feature", "properties": {"id": 14, "name": "\u0634\u0631\u06a9\u062a \u062a\u0648\u0644\u06cc\u062f\u0627\u0631\u0648", "type": "industrial", "pollutionScore": 37}, "geometry": {"type": "MultiPolygon", "coordinates": [[[[51.3366196, 35.6640939], [51.3375449, 35.6623838], [51.337903, 35.6624088], [51.3379097, 35.6625592], [51.340707, 35.662728], [51.3404876, 35.6634807], [51.3403796, 35.6638511], [51.3403606, 35.6639164], [51.3403387, 35.6639913], [51.3403204, 35.6640541], [51.3401956, 35.6640586], [51.3387045, 35.6641128], [51.3386718, 35.6636856], [51.3382973, 35.6637045], [51.3383295, 35.6641251], [51.336694, 35.6641849], [51.3366196, 35.6640939]]]]}}, {"type": "Feature", "properties": {"id": 15, "name": "\u0628\u0631\u0642 \u0646\u0627\u0631\u0645\u06a9", "type": "industrial", "pollutionScore": 44}, "geometry": {"type": "MultiPolygon", "coordinates": [[[[51.4997265, 35.7416797], [51.5009657, 35.741536], [51.5011051, 35.742446], [51.4998981, 35.7426158], [51.4997265, 35.7416797]]]]}}, {"type": "Feature", "properties": {"id": 16, "name": "\u06a9\u0627\u0631\u062e\u0627\u0646\u0647 \u0622\u0628\u0633\u0627\u0644", "type": "industrial", "pollutionScore": 43}, "geometry": {"type": "MultiPolygon", "coordinates": [[[[51.5000129, 35.7429083], [51.5017888, 35.7426579], [51.5012846, 35.7437408], [51.5002319, 35.7438783], [51.5000129, 35.7429083]]]]}}, {"type": "Feature", "properties": {"id": 17, "name": "\u0633\u0627\u0632\u0645\u0627\u0646 \u0645\u0633\u06a9\u0646", "type": "industrial", "pollutionScore": 30}, "geometry": {"type": "MultiPolygon", "coordinates": [[[[51.4992666, 35.7391319], [51.5006878, 35.7389636], [51.500873, 35.7399939], [51.5010806, 35.7399693], [51.5012083, 35.7406796], [51.5002561, 35.740788], [51.5000988, 35.7399755], [51.4994389, 35.7400523], [51.4992666, 35.7391319]]]]}}, {"type": "Feature", "properties": {"id": 18, "name": "\u062f\u0627\u0646\u0634\u06a9\u062f\u0647 \u0645\u0647\u0646\u062f\u0633\u06cc \u0645\u06a9\u0627\u0646\u06cc\u06a9 \u0648 \u0635\u0646\u0627\u06cc\u0639 \u062f\u0627\u0646\u0634\u06af\u0627\u0647 \u0635\u0646\u0639\u062a\u06cc \u062e\u0648\u0627\u062c\u0647 \u0646\u0635\u06cc\u0631\u0627\u0644\u062f\u06cc\u0646 \u0637\u0648\u0633\u06cc", "type": "industrial", "pollutionScore": 38}, "geometry": {"type": "MultiPolygon", "coordinates": [[[[51.4059057, 35.7583604], [51.4066496, 35.7579086], [51.4071157, 35.7584141], [51.4063718, 35.7588658], [51.4059057, 35.7583604]]]]}}, {"type": "Feature", "properties": {"id": 19, "name": "\u0627\u0646\u0628\u0627\u0631 \u06af\u0645\u0631\u06a9", "type": "industrial", "pollutionScore": 37}, "geometry": {"type": "MultiPolygon", "coordinates": [[[[51.4056198, 35.7890398], [51.4057095, 35.7889774], [51.4061697, 35.789413], [51.40608, 35.7894754], [51.4056198, 35.7890398]]]]}}, {"type": "Feature", "properties": {"id": 20, "name": "\u0627\u0646\u0628\u0627\u0631 \u06af\u0645\u0631\u06a9", "type": "industrial", "pollutionScore": 31}, "geometry": {"type": "MultiPolygon", "coordinates": [[[[51.403963, 35.7883561], [51.4039968, 35.7881778], [51.4049066, 35.7882917], [51.4048771, 35.7884657], [51.403963, 35.7883561]]]]}}, {"type": "Feature", "properties": {"id": 21, "name": "\u0627\u0646\u0628\u0627\u0631 \u06af\u0645\u0631\u06a9", "type": "industrial", "pollutionScore": 31}, "geometry": {"type": "MultiPolygon", "coordinates": [[[[51.4050613, 35.7886487], [51.4053274, 35.7883666], [51.405818, 35.7886712], [51.4055519, 35.7889533], [51.4050613, 35.7886487]]]]}}, {"type": "Feature", "properties": {"id": 22, "name": "\u067e\u0633\u062a \u0628\u0631\u0642 \u0645\u0634\u06cc\u0631\u06cc\u0647", "type": "industrial", "pollutionScore": 40}, "geometry": {"type": "MultiPolygon", "coordinates": [[[[51.4699495, 35.6153169], [51.4700381, 35.6151841], [51.4716544, 35.6142628], [51.4741406, 35.6164888], [51.4738068, 35.6168674], [51.4726548, 35.6174313], [51.4725102, 35.6174656], [51.4723769, 35.6172931], [51.4720643, 35.616987], [51.4716558, 35.6167089], [51.4707415, 35.6161769], [51.4704906, 35.6160078], [51.4702696, 35.6157779], [51.4699495, 35.6153169]]]]}}, {"type": "Feature", "properties": {"id": 23, "name": "\u067e\u0633\u062a \u0628\u0631\u0642 \u0642\u0648\u0631\u062e\u0627\u0646\u0647", "type": "industrial", "pollutionScore": 32}, "geometry": {"type": "MultiPolygon", "coordinates": [[[[51.4196839, 35.6850447], [51.4196896, 35.6849275], [51.4197213, 35.6840692], [51.4205267, 35.6839382], [51.4205134, 35.6850541], [51.4200899, 35.6850004], [51.419955, 35.6850445], [51.4197932, 35.6850446], [51.4196839, 35.6850447]]]]}}, {"type": "Feature", "properties": {"id": 24, "name": "Industrial Area", "type": "industrial", "pollutionScore": 45}, "geometry": {"type": "MultiPolygon", "coordinates": [[[[51.3550884, 35.6706459], [51.3557833, 35.6703981], [51.3559065, 35.6706262], [51.3552116, 35.6708739], [51.3550884, 35.6706459]]]]}}, {"type": "Feature", "properties": {"id": 25, "name": "\u0634\u0631\u06a9\u062a \u062e\u062f\u0645\u0627\u062a \u0627\u0631\u062a\u0628\u0627\u0637\u06cc \u0648 \u0627\u0644\u06a9\u062a\u0631\u0648\u0646\u06cc\u06a9\u06cc \u0627\u06cc\u0631\u0627\u0646\u06cc\u0627\u0646 \u0646\u062a (\u0627\u067e\u0631\u0627\u062a\u0648\u0631 \u0686\u0647\u0627\u0631\u0645)", "type": "industrial", "pollutionScore": 34}, "geometry": {"type": "MultiPolygon", "coordinates": [[[[51.3202856, 35.755576], [51.3203747, 35.7554656], [51.3207884, 35.7553574], [51.3211021, 35.7562279], [51.3205791, 35.756372], [51.3202856, 35.755576]]]]}}, {"type": "Feature", "properties": {"id": 26, "name": "Industrial Area", "type": "industrial", "pollutionScore": 32}, "geometry": {"type": "MultiPolygon", "coordinates": [[[[51.4978504, 35.6960278], [51.4984861, 35.6953546], [51.5005138, 35.6964917], [51.503711, 35.6984521], [51.5036488, 35.6985362], [51.5040672, 35.6987824], [51.5043762, 35.6992384], [51.5014794, 35.7011466], [51.5013239, 35.7009266], [51.5007713, 35.6999072], [51.500178, 35.6991984], [51.5002128, 35.6990873], [51.5003003, 35.6989785], [51.500568, 35.698819], [51.4998627, 35.698041], [51.4994507, 35.6982737], [51.4993438, 35.6982748], [51.4992392, 35.6982356], [51.4991329, 35.6981535], [51.4988883, 35.6977726], [51.4978504, 35.6960278]]]]}}, {"type": "Feature", "properties": {"id": 27, "name": "\u0634\u0631\u06a9\u062a \u0645\u0627\u0634\u06cc\u0646 \u0633\u0627\u0632\u06cc \u0645\u0646\u06af\u0627\u0646", "type": "industrial", "pollutionScore": 43}, "geometry": {"type": "MultiPolygon", "coordinates": [[[[51.289228, 35.6705066], [51.2903428, 35.6704596], [51.2904249, 35.6705084], [51.2904762, 35.6710321], [51.2904896, 35.6714373], [51.2904231, 35.6714721], [51.2892729, 35.6715166], [51.289228, 35.6705066]]]]}}, {"type": "Feature", "properties": {"id": 28, "name": "\u0627\u0646\u0628\u0627\u0631", "type": "industrial", "pollutionScore": 46}, "geometry": {"type": "MultiPolygon", "coordinates": [[[[51.3964738, 35.791444], [51.3966524, 35.7910289], [51.3969836, 35.7911227], [51.396805, 35.7915377], [51.3964738, 35.791444]]]]}}, {"type": "Feature", "properties": {"id": 29, "name": "\u0627\u0646\u0628\u0627\u0631", "type": "industrial", "pollutionScore": 33}, "geometry": {"type": "MultiPolygon", "coordinates": [[[[51.3958001, 35.7907228], [51.3961199, 35.7908197], [51.3959282, 35.7912898], [51.3958001, 35.7907228]]]]}}, {"type": "Feature", "properties": {"id": 30, "name": "\u062a\u0635\u0641\u06cc\u0647 \u062e\u0627\u0646\u0647 \u0641\u0627\u0636\u0644\u0627\u0628 \u0634\u0647\u0631\u06a9 \u063a\u0631\u0628", "type": "industrial", "pollutionScore": 34}, "geometry": {"type": "MultiPolygon", "coordinates": [[[[51.3649213, 35.7472421], [51.3671266, 35.7472362], [51.3675571, 35.745659], [51.3675921, 35.7455307], [51.3679972, 35.7453241], [51.3683874, 35.7451056], [51.368605, 35.7452533], [51.3689095, 35.7454599], [51.3693852, 35.7454956], [51.3695053, 35.7457919], [51.3699445, 35.746438], [51.3699596, 35.7467409], [51.3699693, 35.7470284], [51.3699048, 35.7473594], [51.3698095, 35.7475548], [51.3696801, 35.7477775], [51.3693782, 35.7480615], [51.3689708, 35.7483151], [51.368394, 35.7485385], [51.3675475, 35.7487586], [51.3666268, 35.7489107], [51.365865, 35.7489459], [51.3649698, 35.7489872], [51.3649213, 35.7472421]]]]}}, {"type": "Feature", "properties": {"id": 31, "name": "Industrial Area", "type": "industrial", "pollutionScore": 40}, "geometry": {"type": "MultiPolygon", "coordinates": [[[[51.3882795, 35.7383029], [51.3888989, 35.7382651], [51.3889176, 35.7384665], [51.388612, 35.7384851], [51.3886066, 35.7384272], [51.3882937, 35.7384462], [51.3883099, 35.7383981], [51.388305, 35.7383483], [51.3882795, 35.7383029]]]]}}, {"type": "Feature", "properties": {"id": 32, "name": "\u0627\u0646\u0628\u0627\u0631", "type": "industrial", "pollutionScore": 35}, "geometry": {"type": "MultiPolygon", "coordinates": [[[[51.3955161, 35.791241], [51.3955383, 35.7911614], [51.3958119, 35.7910004], [51.3959192, 35.7913529], [51.3955161, 35.791241]]]]}}, {"type": "Feature", "properties": {"id": 33, "name": "Industrial Area", "type": "industrial", "pollutionScore": 45}, "geometry": {"type": "MultiPolygon", "coordinates": [[[[51.3951655, 35.7901606], [51.3952285, 35.7899056], [51.3954976, 35.7899618], [51.3954553, 35.7901211], [51.395431, 35.7902128], [51.3951655, 35.7901606]]]]}}, {"type": "Feature", "properties": {"id": 34, "name": "\u0646\u06cc\u0631\u0648\u06af\u0627\u0647 \u0628\u0639\u062b\u062a", "type": "industrial", "pollutionScore": 35}, "geometry": {"type": "MultiPolygon", "coordinates": [[[[51.4254248, 35.6405116], [51.4265794, 35.6404987], [51.426532, 35.6395475], [51.4282877, 35.639419], [51.4283193, 35.6403959], [51.4296796, 35.6403445], [51.4299327, 35.6447663], [51.4284876, 35.6448895], [51.4255964, 35.645136], [51.4254248, 35.6405116]]]]}}, {"type": "Feature", "properties": {"id": 35, "name": "Industrial Area", "type": "industrial", "pollutionScore": 32}, "geometry": {"type": "MultiPolygon", "coordinates": [[[[51.4373164, 35.6227185], [51.4373412, 35.622468], [51.4381754, 35.6225225], [51.4380852, 35.6234355], [51.4378917, 35.6234229], [51.4379572, 35.6227603], [51.4373164, 35.6227185]]]]}}, {"type": "Feature", "properties": {"id": 36, "name": "Industrial Area", "type": "industrial", "pollutionScore": 36}, "geometry": {"type": "MultiPolygon", "coordinates": [[[[51.4386051, 35.6218549], [51.4386252, 35.621717], [51.4390542, 35.6217582], [51.4390341, 35.6218961], [51.4386051, 35.6218549]]]]}}, {"type": "Feature", "properties": {"id": 37, "name": "Industrial Area", "type": "industrial", "pollutionScore": 48}, "geometry": {"type": "MultiPolygon", "coordinates": [[[[51.4386325, 35.6216166], [51.4386525, 35.6214788], [51.4390816, 35.62152], [51.4390615, 35.6216579], [51.4386325, 35.6216166]]]]}}, {"type": "Feature", "properties": {"id": 38, "name": "Industrial Area", "type": "industrial", "pollutionScore": 35}, "geometry": {"type": "MultiPolygon", "coordinates": [[[[51.4386637, 35.6213825], [51.4386837, 35.6212446], [51.4391128, 35.6212858], [51.4390927, 35.6214237], [51.4386637, 35.6213825]]]]}}, {"type": "Feature", "properties": {"id": 39, "name": "Industrial Area", "type": "industrial", "pollutionScore": 47}, "geometry": {"type": "MultiPolygon", "coordinates": [[[[51.4387021, 35.6211463], [51.4387222, 35.6210085], [51.4391512, 35.6210497], [51.4391311, 35.6211876], [51.4387021, 35.6211463]]]]}}, {"type": "Feature", "properties": {"id": 40, "name": "Industrial Area", "type": "industrial", "pollutionScore": 40}, "geometry": {"type": "MultiPolygon", "coordinates": [[[[51.4387333, 35.6209141], [51.4387534, 35.6207762], [51.4391824, 35.6208175], [51.4391624, 35.6209554], [51.4387333, 35.6209141]]]]}}, {"type": "Feature", "properties": {"id": 41, "name": "Industrial Area", "type": "industrial", "pollutionScore": 39}, "geometry": {"type": "MultiPolygon", "coordinates": [[[[51.4387501, 35.620678], [51.4387702, 35.6205401], [51.4391992, 35.6205814], [51.4391792, 35.6207192], [51.4387501, 35.620678]]]]}}, {"type": "Feature", "properties": {"id": 42, "name": "Industrial Area", "type": "industrial", "pollutionScore": 35}, "geometry": {"type": "MultiPolygon", "coordinates": [[[[51.4375306, 35.6205707], [51.4375506, 35.6204328], [51.4379797, 35.620474], [51.4379596, 35.6206119], [51.4375306, 35.6205707]]]]}}, {"type": "Feature", "properties": {"id": 43, "name": "Industrial Area", "type": "industrial", "pollutionScore": 40}, "geometry": {"type": "MultiPolygon", "coordinates": [[[[51.437497, 35.6207912], [51.437517, 35.6206533], [51.4379461, 35.6206945], [51.437926, 35.6208324], [51.437497, 35.6207912]]]]}}, {"type": "Feature", "properties": {"id": 44, "name": "Industrial Area", "type": "industrial", "pollutionScore": 34}, "geometry": {"type": "MultiPolygon", "coordinates": [[[[51.4375186, 35.6212849], [51.4375386, 35.621147], [51.4379677, 35.6211883], [51.4379476, 35.6213261], [51.4375186, 35.6212849]]]]}}, {"type": "Feature", "properties": {"id": 45, "name": "Industrial Area", "type": "industrial", "pollutionScore": 34}, "geometry": {"type": "MultiPolygon", "coordinates": [[[[51.4375016, 35.6214981], [51.4375034, 35.6214799], [51.4375193, 35.6213616], [51.4379309, 35.6213969], [51.4379131, 35.6215334], [51.4375016, 35.6214981]]]]}}, {"type": "Feature", "properties": {"id": 46, "name": "Industrial Area", "type": "industrial", "pollutionScore": 34}, "geometry": {"type": "MultiPolygon", "coordinates": [[[[51.4374874, 35.6218606], [51.4375074, 35.6217227], [51.4379365, 35.6217639], [51.4379164, 35.6219018], [51.4374874, 35.6218606]]]]}}, {"type": "Feature", "properties": {"id": 47, "name": "Industrial Area", "type": "industrial", "pollutionScore": 30}, "geometry": {"type": "MultiPolygon", "coordinates": [[[[51.4373614, 35.6217771], [51.4373979, 35.6214716], [51.4375034, 35.6214799], [51.4374575, 35.6218649], [51.4373614, 35.6217771]]]]}}, {"type": "Feature", "properties": {"id": 48, "name": "Industrial Area", "type": "industrial", "pollutionScore": 41}, "geometry": {"type": "MultiPolygon", "coordinates": [[[[51.4374039, 35.6214486], [51.4374677, 35.6209911], [51.4375607, 35.6209997], [51.4374969, 35.6214571], [51.4374039, 35.6214486]]]]}}, {"type": "Feature", "properties": {"id": 49, "name": "Industrial Area", "type": "industrial", "pollutionScore": 35}, "geometry": {"type": "MultiPolygon", "coordinates": [[[[51.4337162, 35.6203986], [51.4347965, 35.620543], [51.4350942, 35.6205937], [51.4351038, 35.6208221], [51.43459, 35.6207518], [51.4345876, 35.6207089], [51.4337186, 35.6205957], [51.4337402, 35.620502], [51.4337162, 35.6203986]]]]}}, {"type": "Feature", "properties": {"id": 50, "name": "\u0627\u062f\u0627\u0631\u0647 \u0628\u0631\u0642 \u0634\u0647\u0631\u0631\u06cc", "type": "industrial", "pollutionScore": 36}, "geometry": {"type": "MultiPolygon", "coordinates": [[[[51.4361909, 35.6089042], [51.4381568, 35.6083926], [51.4383696, 35.6084267], [51.4385195, 35.6085266], [51.4386004, 35.6085729], [51.4385344, 35.6093696], [51.438004, 35.609411], [51.4375635, 35.6094549], [51.4368053, 35.6091893], [51.4366045, 35.6091284], [51.4361909, 35.6089042]]]]}}, {"type": "Feature", "properties": {"id": 51, "name": "Industrial Area", "type": "industrial", "pollutionScore": 47}, "geometry": {"type": "MultiPolygon", "coordinates": [[[[51.4132005, 35.6208422], [51.4132442, 35.6207091], [51.4136081, 35.6207534], [51.41371, 35.620434], [51.4135062, 35.6204014], [51.4133279, 35.6203659], [51.4133461, 35.6203038], [51.4146742, 35.6204902], [51.4145287, 35.621061], [51.4132005, 35.6208422]]]]}}, {"type": "Feature", "properties": {"id": 52, "name": "Industrial Area", "type": "industrial", "pollutionScore": 38}, "geometry": {"type": "MultiPolygon", "coordinates": [[[[51.3527182, 35.6791416], [51.352762, 35.6788287], [51.3532485, 35.6788737], [51.3532046, 35.6791866], [51.3527182, 35.6791416]]]]}}, {"type": "Feature", "properties": {"id": 53, "name": "Industrial Area", "type": "industrial", "pollutionScore": 48}, "geometry": {"type": "MultiPolygon", "coordinates": [[[[51.3518565, 35.6790438], [51.3518801, 35.6788666], [51.3524316, 35.678915], [51.352408, 35.6790922], [51.3518565, 35.6790438]]]]}}, {"type": "Feature", "properties": {"id": 54, "name": "Industrial Area", "type": "industrial", "pollutionScore": 37}, "geometry": {"type": "MultiPolygon", "coordinates": [[[[51.3518764, 35.6787891], [51.3518917, 35.6786769], [51.3523685, 35.6787199], [51.3523531, 35.6788322], [51.3518764, 35.6787891]]]]}}, {"type": "Feature", "properties": {"id": 55, "name": "\u06a9\u0627\u0631\u062e\u0627\u0646\u0647 \u0632\u0645\u0632\u0645", "type": "industrial", "pollutionScore": 31}, "geometry": {"type": "MultiPolygon", "coordinates": [[[[51.4983829, 35.7430749], [51.4997075, 35.7429046], [51.5000491, 35.7446754], [51.499264, 35.7447191], [51.4990362, 35.7435273], [51.4984668, 35.7435857], [51.4983829, 35.7430749]]]]}}, {"type": "Feature", "properties": {"id": 56, "name": "\u0627\u0646\u0628\u0627\u0631 \u0628\u0627\u0646\u06a9 \u06a9\u0634\u0627\u0648\u0631\u0632\u06cc", "type": "industrial", "pollutionScore": 40}, "geometry": {"type": "MultiPolygon", "coordinates": [[[[51.3640807, 35.7092706], [51.3645803, 35.7091308], [51.3647513, 35.7090809], [51.3649622, 35.7090231], [51.3652961, 35.7089281], [51.3655682, 35.7088523], [51.3656651, 35.708822], [51.3657224, 35.7088524], [51.3657734, 35.708977], [51.3659405, 35.7093852], [51.3659684, 35.7094522], [51.3659215, 35.7094651], [51.3658844, 35.709474], [51.3658205, 35.7094854], [51.365131, 35.7096819], [51.3651646, 35.7097493], [51.3650269, 35.7097894], [51.3649054, 35.709824], [51.3647808, 35.7098586], [51.3646762, 35.7098896], [51.3646145, 35.7099076], [51.3645055, 35.7099393], [51.364392, 35.7099731], [51.3640807, 35.7092706]]]]}}, {"type": "Feature", "properties": {"id": 57, "name": "\u06a9\u0627\u0631\u062e\u0627\u0646\u0647 \u0622\u0631\u062f", "type": "industrial", "pollutionScore": 47}, "geometry": {"type": "MultiPolygon", "coordinates": [[[[51.3460081, 35.6593678], [51.3462063, 35.658948], [51.348029, 35.6592154], [51.3479759, 35.6596036], [51.3463703, 35.6594112], [51.3460081, 35.6593678]]]]}}, {"type": "Feature", "properties": {"id": 58, "name": "\u0634\u0631\u06a9\u062a \u0634\u06cc\u0631 \u067e\u0627\u0633\u062a\u0648\u0631\u06cc\u0632\u0647 \u067e\u06af\u0627\u0647 \u062a\u0647\u0631\u0627\u0646", "type": "industrial", "pollutionScore": 46}, "geometry": {"type": "MultiPolygon", "coordinates": [[[[51.3036531, 35.6726223], [51.3072965, 35.6720154], [51.3075554, 35.6753915], [51.3038024, 35.6755641], [51.3036531, 35.6726223]]]]}}, {"type": "Feature", "properties": {"id": 59, "name": "\u0634\u0631\u06a9\u062a \u067e\u0627\u06a9", "type": "industrial", "pollutionScore": 35}, "geometry": {"type": "MultiPolygon", "coordinates": [[[[51.3073463, 35.6776741], [51.3077869, 35.6776283], [51.3076743, 35.6759724], [51.3091041, 35.6759321], [51.3092495, 35.6760958], [51.309467, 35.6782876], [51.3083048, 35.678711], [51.3074798, 35.6791708], [51.3073463, 35.6776741]]]]}}, {"type": "Feature", "properties": {"id": 60, "name": "\u0627\u0646\u0628\u0627\u0631 \u06a9\u0645\u0627\u0644", "type": "industrial", "pollutionScore": 34}, "geometry": {"type": "MultiPolygon", "coordinates": [[[[51.3079905, 35.6737604], [51.3090963, 35.673701], [51.3091451, 35.6745663], [51.3080799, 35.6746125], [51.3079905, 35.6737604]]]]}}, {"type": "Feature", "properties": {"id": 61, "name": "\u06a9\u0627\u0631\u062e\u0627\u0646\u0647 \u0646\u0648\u0638\u0647\u0648\u0631", "type": "industrial", "pollutionScore": 46}, "geometry": {"type": "MultiPolygon", "coordinates": [[[[51.2941789, 35.6682294], [51.295301, 35.6681768], [51.295386, 35.6698571], [51.2953143, 35.6699312], [51.2942955, 35.669976], [51.2941789, 35.6682294]]]]}}, {"type": "Feature", "properties": {"id": 62, "name": "\u06a9\u0627\u0631\u062e\u0627\u0646\u0647 \u0631\u0648\u063a\u0646 \u0646\u0628\u0627\u062a\u06cc \u0642\u0648", "type": "industrial", "pollutionScore": 50}, "geometry": {"type": "MultiPolygon", "coordinates": [[[[51.4175165, 35.6470454], [51.4176686, 35.6457399], [51.4191279, 35.6456511], [51.4201442, 35.6456065], [51.4213521, 35.6455601], [51.4213709, 35.6468155], [51.4192716, 35.6470403], [51.4189769, 35.6470026], [51.4187838, 35.6470113], [51.4179027, 35.6471196], [51.4175165, 35.6470454]]]]}}, {"type": "Feature", "properties": {"id": 63, "name": "\u06a9\u0627\u0631\u062e\u0627\u0646\u0647 \u062a\u0648\u0644\u06cc\u062f \u0628\u0644\u0648\u06a9 \u0645\u062a\u0631\u0648", "type": "industrial", "pollutionScore": 34}, "geometry": {"type": "MultiPolygon", "coordinates": [[[[51.4160053, 35.6285738], [51.4164738, 35.6261101], [51.4166241, 35.6253384], [51.4168374, 35.6248344], [51.4172268, 35.6243923], [51.4176077, 35.6240173], [51.4177604, 35.6238939], [51.4178945, 35.6236584], [51.4179824, 35.6234809], [51.4180897, 35.6231932], [51.418138, 35.6230056], [51.4184488, 35.6218108], [51.4182609, 35.6211832], [51.4182103, 35.6207462], [51.4183239, 35.6201312], [51.4180986, 35.6200658], [51.4180235, 35.6198521], [51.4180562, 35.6194078], [51.4182456, 35.6185378], [51.4183328, 35.6180469], [51.4183006, 35.6178769], [51.4183914, 35.6174141], [51.4188742, 35.6176191], [51.4199083, 35.6181459], [51.4203361, 35.6183904], [51.4205561, 35.6185866], [51.420543, 35.6187629], [51.4205208, 35.6189592], [51.4204988, 35.6191532], [51.4200035, 35.6213977], [51.4193278, 35.6244602], [51.4186513, 35.6275912], [51.417536, 35.6274993], [51.4174671, 35.6277227], [51.4171877, 35.6277217], [51.4170516, 35.6286743], [51.4160053, 35.6285738]]]]}}, {"type": "Feature", "properties": {"id": 64, "name": "Industrial Area", "type": "industrial", "pollutionScore": 45}, "geometry": {"type": "MultiPolygon", "coordinates": [[[[51.4197361, 35.6141674], [51.4198326, 35.6138055], [51.4215112, 35.614041], [51.4215595, 35.6144291], [51.4197361, 35.6141674]]]]}}, {"type": "Feature", "properties": {"id": 65, "name": "\u0634\u0631\u06a9\u062a \u063a\u0644\u0647 \u0648 \u062e\u062f\u0645\u0627\u062a \u0628\u0627\u0632\u0631\u06af\u0627\u0646\u06cc \u0645\u0646\u0637\u0642\u0647 \u06cc\u06a9 \u06a9\u0634\u0648\u0631", "type": "industrial", "pollutionScore": 41}, "geometry": {"type": "MultiPolygon", "coordinates": [[[[51.4055621, 35.6462823], [51.4056801, 35.6461516], [51.4120082, 35.6454698], [51.4123169, 35.6473275], [51.4123384, 35.6476762], [51.4121774, 35.6477809], [51.4092056, 35.6481383], [51.4070147, 35.6483378], [51.4069182, 35.6476752], [51.4058942, 35.6477329], [51.4055621, 35.6462823]]]]}}, {"type": "Feature", "properties": {"id": 66, "name": "\u06af\u0645\u0631\u06a9 \u062c\u0646\u0648\u0628 \u062a\u0647\u0631\u0627\u0646", "type": "industrial", "pollutionScore": 47}, "geometry": {"type": "MultiPolygon", "coordinates": [[[[51.4095232, 35.6519038], [51.4112898, 35.6504279], [51.4106729, 35.649794], [51.4103347, 35.6494465], [51.4109843, 35.6490578], [51.4110125, 35.6490409], [51.4117389, 35.6489567], [51.411611, 35.6482632], [51.4118801, 35.6482304], [51.4119398, 35.6482253], [51.4122167, 35.6481966], [51.412259, 35.6482298], [51.4123507, 35.6483387], [51.4126805, 35.6503679], [51.4127963, 35.6503635], [51.4128684, 35.6509606], [51.4119432, 35.6510212], [51.411569, 35.6512959], [51.4095767, 35.6519712], [51.4095232, 35.6519038]]]]}}, {"type": "Feature", "properties": {"id": 67, "name": "Industrial Area", "type": "industrial", "pollutionScore": 41}, "geometry": {"type": "MultiPolygon", "coordinates": [[[[51.4063022, 35.6511318], [51.4066596, 35.6508854], [51.4077374, 35.6519139], [51.4073737, 35.6521608], [51.4072582, 35.6520497], [51.4068709, 35.6516734], [51.4063022, 35.6511318]]]]}}, {"type": "Feature", "properties": {"id": 68, "name": "Industrial Area", "type": "industrial", "pollutionScore": 36}, "geometry": {"type": "MultiPolygon", "coordinates": [[[[51.4056403, 35.6505218], [51.4064966, 35.6499501], [51.4067307, 35.6501817], [51.4058744, 35.6507534], [51.4056403, 35.6505218]]]]}}, {"type": "Feature", "properties": {"id": 69, "name": "Industrial Area", "type": "industrial", "pollutionScore": 33}, "geometry": {"type": "MultiPolygon", "coordinates": [[[[51.4073796, 35.6492706], [51.4079285, 35.6488774], [51.4085245, 35.6494267], [51.4079756, 35.6498199], [51.4073796, 35.6492706]]]]}}, {"type": "Feature", "properties": {"id": 70, "name": "Industrial Area", "type": "industrial", "pollutionScore": 38}, "geometry": {"type": "MultiPolygon", "coordinates": [[[[51.4059196, 35.650809], [51.4068313, 35.6501969], [51.4071524, 35.6505127], [51.4061198, 35.651206], [51.4059771, 35.6510657], [51.406098, 35.6509845], [51.4059196, 35.650809]]]]}}, {"type": "Feature", "properties": {"id": 71, "name": "Industrial Area", "type": "industrial", "pollutionScore": 30}, "geometry": {"type": "MultiPolygon", "coordinates": [[[[51.4349971, 35.6477315], [51.4350331, 35.6475502], [51.4354081, 35.6475994], [51.4353721, 35.6477807], [51.4349971, 35.6477315]]]]}}, {"type": "Feature", "properties": {"id": 72, "name": "\u0634\u0647\u0631 \u0633\u0646\u06af", "type": "industrial", "pollutionScore": 38}, "geometry": {"type": "MultiPolygon", "coordinates": [[[[51.4342114, 35.6478472], [51.4343337, 35.6469991], [51.4343949, 35.6463076], [51.434544, 35.6459438], [51.4347053, 35.6457828], [51.4349145, 35.6456738], [51.435424, 35.6456154], [51.4356806, 35.6455766], [51.4375707, 35.6457788], [51.4370981, 35.6474466], [51.436873, 35.6483249], [51.4343187, 35.6479518], [51.4342114, 35.6478472]]]]}}, {"type": "Feature", "properties": {"id": 73, "name": "Industrial Area", "type": "industrial", "pollutionScore": 30}, "geometry": {"type": "MultiPolygon", "coordinates": [[[[51.5106758, 35.6577836], [51.5113552, 35.6577818], [51.5113638, 35.6599322], [51.5106844, 35.659934], [51.5106758, 35.6577836]]]]}}, {"type": "Feature", "properties": {"id": 74, "name": "Industrial Area", "type": "industrial", "pollutionScore": 47}, "geometry": {"type": "MultiPolygon", "coordinates": [[[[51.5119061, 35.6577956], [51.5125855, 35.6577938], [51.5125941, 35.6599442], [51.5119147, 35.6599459], [51.5119061, 35.6577956]]]]}}, {"type": "Feature", "properties": {"id": 75, "name": "Industrial Area", "type": "industrial", "pollutionScore": 41}, "geometry": {"type": "MultiPolygon", "coordinates": [[[[51.5131385, 35.6577956], [51.513818, 35.6577938], [51.5138265, 35.6599442], [51.5131471, 35.6599459], [51.5131385, 35.6577956]]]]}}, {"type": "Feature", "properties": {"id": 76, "name": "Industrial Area", "type": "industrial", "pollutionScore": 32}, "geometry": {"type": "MultiPolygon", "coordinates": [[[[51.5143278, 35.6578006], [51.5150072, 35.6577988], [51.5150158, 35.6599492], [51.5143364, 35.6599509], [51.5143278, 35.6578006]]]]}}, {"type": "Feature", "properties": {"id": 77, "name": "Industrial Area", "type": "industrial", "pollutionScore": 37}, "geometry": {"type": "MultiPolygon", "coordinates": [[[[51.4970311, 35.637911], [51.4970802, 35.6376874], [51.4977269, 35.6377813], [51.4976778, 35.6380048], [51.4970311, 35.637911]]]]}}, {"type": "Feature", "properties": {"id": 78, "name": "Industrial Area", "type": "industrial", "pollutionScore": 42}, "geometry": {"type": "MultiPolygon", "coordinates": [[[[51.4966786, 35.6375611], [51.4967226, 35.6373491], [51.4972782, 35.6374253], [51.4972342, 35.6376373], [51.4966786, 35.6375611]]]]}}, {"type": "Feature", "properties": {"id": 79, "name": "Industrial Area", "type": "industrial", "pollutionScore": 47}, "geometry": {"type": "MultiPolygon", "coordinates": [[[[51.4971181, 35.6372677], [51.4971672, 35.6370442], [51.4978138, 35.637138], [51.4977647, 35.6373615], [51.4971181, 35.6372677]]]]}}, {"type": "Feature", "properties": {"id": 80, "name": "\u062a\u0635\u0641\u06cc\u0647 \u062e\u0627\u0646\u0647 \u0622\u0628", "type": "industrial", "pollutionScore": 46}, "geometry": {"type": "MultiPolygon", "coordinates": [[[[51.4969728, 35.6449924], [51.4981007, 35.6448872], [51.4981649, 35.6452989], [51.4976115, 35.6459205], [51.497075, 35.645489], [51.4969728, 35.6449924]]]]}}, {"type": "Feature", "properties": {"id": 81, "name": "\u06a9\u0627\u0631\u062e\u0627\u0646\u0647 \u0633\u06cc\u0645\u0627\u0646 \u062a\u0647\u0631\u0627\u0646", "type": "industrial", "pollutionScore": 33}, "geometry": {"type": "MultiPolygon", "coordinates": [[[[51.4733656, 35.6060288], [51.4814159, 35.6093073], [51.483114, 35.6097247], [51.4824032, 35.6123733], [51.4798956, 35.6130475], [51.476802, 35.612298], [51.4762444, 35.6117289], [51.4759319, 35.6104968], [51.4740722, 35.6076265], [51.4733656, 35.6060288]]]]}}, {"type": "Feature", "properties": {"id": 82, "name": "\u062f\u062e\u0627\u0646\u06cc\u0627\u062a", "type": "industrial", "pollutionScore": 49}, "geometry": {"type": "MultiPolygon", "coordinates": [[[[51.4000189, 35.6425453], [51.4010918, 35.6424233], [51.4008879, 35.641159], [51.4019608, 35.6410456], [51.4025214, 35.6446142], [51.4004455, 35.6452305], [51.4002764, 35.6451697], [51.4000189, 35.6425453]]]]}}, {"type": "Feature", "properties": {"id": 83, "name": "\u062a\u0635\u0641\u06cc\u0647\u200c \u062e\u0627\u0646\u0647 \u0634\u0645\u0627\u0631\u0647 \u06cc\u06a9-\u062c\u0644\u0627\u0644\u06cc\u0647", "type": "industrial", "pollutionScore": 33}, "geometry": {"type": "MultiPolygon", "coordinates": [[[[51.3952702, 35.7161846], [51.39577, 35.7150975], [51.397273, 35.7155846], [51.3967477, 35.7166486], [51.3952702, 35.7161846]]]]}}, {"type": "Feature", "properties": {"id": 84, "name": "\u0627\u0646\u0628\u0627\u0631 \u062c\u0647\u0627\u062f \u0633\u0627\u0632\u0646\u062f\u06af\u06cc", "type": "industrial", "pollutionScore": 47}, "geometry": {"type": "MultiPolygon", "coordinates": [[[[51.3642053, 35.7100278], [51.3643241, 35.7099922], [51.36439, 35.7099731], [51.364392, 35.7099731], [51.3645055, 35.7099393], [51.3646145, 35.7099076], [51.3646762, 35.7098896], [51.3647808, 35.7098586], [51.3649054, 35.709824], [51.3650269, 35.7097894], [51.3651646, 35.7097493], [51.365131, 35.7096819], [51.3658205, 35.7094854], [51.3658844, 35.709474], [51.3659215, 35.7094651], [51.3659684, 35.7094522], [51.365984, 35.7094876], [51.3660336, 35.7096011], [51.3660548, 35.7096487], [51.3662188, 35.7100223], [51.3662943, 35.7101893], [51.3665221, 35.7107111], [51.3647163, 35.7112063], [51.3646787, 35.7111205], [51.3644399, 35.7105502], [51.364258, 35.7101436], [51.3642053, 35.7100278]]]]}}, {"type": "Feature", "properties": {"id": 85, "name": "Industrial Area", "type": "industrial", "pollutionScore": 43}, "geometry": {"type": "MultiPolygon", "coordinates": [[[[51.411806, 35.6611793], [51.4120487, 35.6603268], [51.4125926, 35.6603377], [51.4124633, 35.6610903], [51.411806, 35.6611793]]]]}}, {"type": "Feature", "properties": {"id": 86, "name": "\u0627\u0646\u0628\u0627\u0631", "type": "industrial", "pollutionScore": 39}, "geometry": {"type": "MultiPolygon", "coordinates": [[[[51.4139489, 35.6665008], [51.4147613, 35.6664252], [51.4148674, 35.6672504], [51.4140491, 35.6673118], [51.4139489, 35.6665008]]]]}}, {"type": "Feature", "properties": {"id": 87, "name": "\u0634\u0631\u06a9\u062a \u067e\u062e\u0634 \u0641\u0631\u0627\u0648\u0631\u062f\u0647\u200c\u0647\u0627\u06cc \u0646\u0641\u062a\u06cc \u0645\u0646\u0637\u0642\u0647 \u062c\u0646\u0648\u0628 \u062a\u0647\u0631\u0627\u0646", "type": "industrial", "pollutionScore": 30}, "geometry": {"type": "MultiPolygon", "coordinates": [[[[51.3928605, 35.6619221], [51.3930959, 35.6613197], [51.3940844, 35.661495], [51.3938647, 35.6622376], [51.3928605, 35.6619221]]]]}}, {"type": "Feature", "properties": {"id": 88, "name": "Industrial Area", "type": "industrial", "pollutionScore": 37}, "geometry": {"type": "MultiPolygon", "coordinates": [[[[51.4214772, 35.7000049], [51.4214965, 35.699601], [51.4217071, 35.6996053], [51.4217193, 35.6994859], [51.4220694, 35.6994776], [51.4220546, 35.7000221], [51.4214772, 35.7000049]]]]}}, {"type": "Feature", "properties": {"id": 89, "name": "\u06a9\u0648\u0631\u0647 \u0622\u062c\u0631\u067e\u0632\u06cc", "type": "industrial", "pollutionScore": 41}, "geometry": {"type": "MultiPolygon", "coordinates": [[[[51.3284725, 35.6376055], [51.3284887, 35.6375401], [51.3286547, 35.6375673], [51.3286385, 35.6376327], [51.3284725, 35.6376055]]]]}}, {"type": "Feature", "properties": {"id": 90, "name": "Industrial Area", "type": "industrial", "pollutionScore": 42}, "geometry": {"type": "MultiPolygon", "coordinates": [[[[51.4296567, 35.6644083], [51.4302921, 35.662155], [51.4305442, 35.6621419], [51.4305707, 35.6634108], [51.4303883, 35.6634195], [51.4304603, 35.6640102], [51.4306836, 35.6640221], [51.4306836, 35.6644013], [51.4296567, 35.6644083]]]]}}, {"type": "Feature", "properties": {"id": 91, "name": "\u0634\u0631\u06a9\u062a \u062f\u062e\u0627\u0646\u06cc\u0627\u062a \u0627\u06cc\u0631\u0627\u0646", "type": "industrial", "pollutionScore": 38}, "geometry": {"type": "MultiPolygon", "coordinates": [[[[51.3832945, 35.6757749], [51.3835902, 35.674928], [51.3838916, 35.6749661], [51.3848388, 35.6723961], [51.386326, 35.6729825], [51.3870079, 35.6732675], [51.3877848, 35.6735916], [51.3878265, 35.6736537], [51.387162, 35.6752836], [51.3870871, 35.6754801], [51.386594, 35.6753373], [51.3864881, 35.6755621], [51.387, 35.6756896], [51.3868589, 35.676], [51.3854173, 35.675982], [51.3854388, 35.675897], [51.3832945, 35.6757749]]]]}}, {"type": "Feature", "properties": {"id": 92, "name": "\u0627\u06cc\u0631\u0627\u0646 \u062e\u0648\u062f\u0631\u0648 \u062f\u06cc\u0632\u0644", "type": "industrial", "pollutionScore": 30}, "geometry": {"type": "MultiPolygon", "coordinates": [[[[51.3111237, 35.6289837], [51.3111498, 35.6287189], [51.3117433, 35.6269465], [51.311793, 35.6267935], [51.3117348, 35.6266799], [51.3114537, 35.6265472], [51.3113369, 35.6264902], [51.3112452, 35.6264195], [51.3112264, 35.6262921], [51.31128, 35.6259236], [51.31128, 35.6256588], [51.311241, 35.6253624], [51.3112138, 35.6251966], [51.3111888, 35.6250447], [51.311254, 35.6247058], [51.3114364, 35.6242717], [51.3130908, 35.6203325], [51.3144703, 35.6174147], [51.3145567, 35.6172632], [51.3147512, 35.6172063], [51.3184837, 35.6195233], [51.3174249, 35.6215994], [51.3144314, 35.6274688], [51.3139968, 35.6283209], [51.3135611, 35.6294101], [51.313189, 35.6303057], [51.3130226, 35.6305263], [51.3120265, 35.630001], [51.3116578, 35.6297248], [51.3115433, 35.6294046], [51.3111888, 35.6290895], [51.3111237, 35.6289837]]]]}}, {"type": "Feature", "properties": {"id": 93, "name": "Industrial Area", "type": "industrial", "pollutionScore": 39}, "geometry": {"type": "MultiPolygon", "coordinates": [[[[51.3365631, 35.6642843], [51.3375797, 35.664239], [51.3382681, 35.6664248], [51.3372502, 35.6665966], [51.3365631, 35.6642843]]]]}}, {"type": "Feature", "properties": {"id": 94, "name": "Industrial Area", "type": "industrial", "pollutionScore": 39}, "geometry": {"type": "MultiPolygon", "coordinates": [[[[51.3347715, 35.661531], [51.3378024, 35.6616182], [51.3364745, 35.6641706], [51.3354633, 35.664236], [51.3347715, 35.661531]]]]}}, {"type": "Feature", "properties": {"id": 95, "name": "\u06a9\u0627\u0631\u06af\u0627\u0647 \u062a\u0648\u0644\u06cc\u062f \u0645\u0628\u0644 \u06af\u0644 \u0686\u0648\u0628", "type": "industrial", "pollutionScore": 44}, "geometry": {"type": "MultiPolygon", "coordinates": [[[[51.3464155, 35.6366917], [51.3466975, 35.6363648], [51.3468238, 35.6364367], [51.3465419, 35.6367637], [51.3464155, 35.6366917]]]]}}, {"type": "Feature", "properties": {"id": 96, "name": "Industrial Area", "type": "industrial", "pollutionScore": 32}, "geometry": {"type": "MultiPolygon", "coordinates": [[[[51.3509418, 35.6394357], [51.3517391, 35.6380104], [51.3518302, 35.6379886], [51.3536625, 35.6389184], [51.3533006, 35.6398386], [51.3523258, 35.63927], [51.351902, 35.6400199], [51.3509418, 35.6394357]]]]}}, {"type": "Feature", "properties": {"id": 97, "name": "Industrial Area", "type": "industrial", "pollutionScore": 31}, "geometry": {"type": "MultiPolygon", "coordinates": [[[[51.344989, 35.6356237], [51.3450883, 35.6355239], [51.3455261, 35.6358116], [51.3454268, 35.6359114], [51.344989, 35.6356237]]]]}}, {"type": "Feature", "properties": {"id": 98, "name": "Industrial Area", "type": "industrial", "pollutionScore": 49}, "geometry": {"type": "MultiPolygon", "coordinates": [[[[51.345144, 35.6354625], [51.3452433, 35.6353627], [51.3456811, 35.6356504], [51.3455818, 35.6357502], [51.345144, 35.6354625]]]]}}, {"type": "Feature", "properties": {"id": 99, "name": "Industrial Area", "type": "industrial", "pollutionScore": 38}, "geometry": {"type": "MultiPolygon", "coordinates": [[[[51.345305, 35.6352924], [51.3454043, 35.6351926], [51.3458421, 35.6354803], [51.3457428, 35.6355801], [51.345305, 35.6352924]]]]}}, {"type": "Feature", "properties": {"id": 100, "name": "Industrial Area", "type": "industrial", "pollutionScore": 37}, "geometry": {"type": "MultiPolygon", "coordinates": [[[[51.3455047, 35.635106], [51.345604, 35.6350062], [51.3460418, 35.6352939], [51.3459425, 35.6353937], [51.3455047, 35.635106]]]]}}, {"type": "Feature", "properties": {"id": 101, "name": "\u0645\u062c\u062a\u0645\u0639 \u0635\u0646\u0639\u062a\u06cc \u0645\u0627\u0645\u0648\u062a -\u062f\u0641\u062a\u0631 \u0645\u0631\u06a9\u0632\u06cc", "type": "industrial", "pollutionScore": 32}, "geometry": {"type": "MultiPolygon", "coordinates": [[[[51.4156716, 35.7317694], [51.4157596, 35.7315433], [51.4159833, 35.7316007], [51.4158954, 35.7318268], [51.4156716, 35.7317694]]]]}}, {"type": "Feature", "properties": {"id": 102, "name": "\u0627\u0646\u0628\u0627\u0631 \u062a\u0648\u0634\u0647 \u0631\u0627\u0647 \u0622\u0647\u0646 \u062a\u0647\u0631\u0627\u0646", "type": "industrial", "pollutionScore": 40}, "geometry": {"type": "MultiPolygon", "coordinates": [[[[51.394627, 35.6585062], [51.3962071, 35.6583218], [51.3962388, 35.6585013], [51.3952312, 35.6586189], [51.3952442, 35.6586925], [51.3946718, 35.6587593], [51.394627, 35.6585062]]]]}}, {"type": "Feature", "properties": {"id": 103, "name": "\u0635\u0646\u0627\u06cc\u0639 \u0628\u06cc\u0645\u0627\u0631\u0633\u062a\u0627\u0646\u06cc \u0645\u0647\u0631\u0627\u0646 \u0637\u0628 \u0645\u062f", "type": "industrial", "pollutionScore": 46}, "geometry": {"type": "MultiPolygon", "coordinates": [[[[51.3040462, 35.6791525], [51.3047933, 35.6791153], [51.3048683, 35.6801103], [51.3041212, 35.6801475], [51.3040462, 35.6791525]]]]}}, {"type": "Feature", "properties": {"id": 104, "name": "Industrial Area", "type": "industrial", "pollutionScore": 37}, "geometry": {"type": "MultiPolygon", "coordinates": [[[[51.3100658, 35.6758978], [51.3106833, 35.675876], [51.3107284, 35.6767193], [51.310111, 35.6767411], [51.3100658, 35.6758978]]]]}}, {"type": "Feature", "properties": {"id": 105, "name": "Industrial Area", "type": "industrial", "pollutionScore": 30}, "geometry": {"type": "MultiPolygon", "coordinates": [[[[51.3820341, 35.7200493], [51.3820513, 35.7199281], [51.3823736, 35.7199845], [51.3823643, 35.7200255], [51.3822714, 35.7200115], [51.3822552, 35.7200825], [51.3820341, 35.7200493]]]]}}, {"type": "Feature", "properties": {"id": 106, "name": "Industrial Area", "type": "industrial", "pollutionScore": 45}, "geometry": {"type": "MultiPolygon", "coordinates": [[[[51.3829696, 35.7216761], [51.3830964, 35.7216296], [51.3832454, 35.7218971], [51.3831186, 35.7219437], [51.3829696, 35.7216761]]]]}}, {"type": "Feature", "properties": {"id": 107, "name": "Industrial Area", "type": "industrial", "pollutionScore": 31}, "geometry": {"type": "MultiPolygon", "coordinates": [[[[51.3829477, 35.7213158], [51.3831043, 35.7212731], [51.3831688, 35.7214292], [51.3830123, 35.7214719], [51.3830049, 35.7214533], [51.3829544, 35.721346], [51.3829477, 35.7213158]]]]}}, {"type": "Feature", "properties": {"id": 108, "name": "Industrial Area", "type": "industrial", "pollutionScore": 47}, "geometry": {"type": "MultiPolygon", "coordinates": [[[[51.3828147, 35.7213892], [51.3829544, 35.721346], [51.3830049, 35.7214533], [51.3828651, 35.7214966], [51.3828147, 35.7213892]]]]}}, {"type": "Feature", "properties": {"id": 109, "name": "Industrial Area", "type": "industrial", "pollutionScore": 42}, "geometry": {"type": "MultiPolygon", "coordinates": [[[[51.3818203, 35.7209581], [51.3819959, 35.7208893], [51.382087, 35.7210425], [51.3819113, 35.7211113], [51.3818203, 35.7209581]]]]}}, {"type": "Feature", "properties": {"id": 110, "name": "Industrial Area", "type": "industrial", "pollutionScore": 41}, "geometry": {"type": "MultiPolygon", "coordinates": [[[[51.3808555, 35.7197432], [51.3809131, 35.7195793], [51.3811307, 35.7196297], [51.3810732, 35.7197936], [51.3808555, 35.7197432]]]]}}, {"type": "Feature", "properties": {"id": 111, "name": "Industrial Area", "type": "industrial", "pollutionScore": 44}, "geometry": {"type": "MultiPolygon", "coordinates": [[[[51.3849281, 35.7201333], [51.3851942, 35.7201176], [51.3852297, 35.7205138], [51.3849636, 35.7205295], [51.3849281, 35.7201333]]]]}}, {"type": "Feature", "properties": {"id": 112, "name": "\u0627\u0646\u0628\u0627\u0631 \u0645\u0631\u06a9\u0632\u06cc", "type": "industrial", "pollutionScore": 43}, "geometry": {"type": "MultiPolygon", "coordinates": [[[[51.3937301, 35.803394], [51.3938447, 35.803162], [51.3943537, 35.8033494], [51.394258, 35.8035691], [51.3937301, 35.803394]]]]}}, {"type": "Feature", "properties": {"id": 113, "name": "\u0628\u0627\u0632\u0627\u0631 \u0645\u0631\u06a9\u0632\u06cc \u0622\u0647\u0646 \u062a\u0647\u0631\u0627\u0646 (\u0622\u0647\u0646 \u0645\u06a9\u0627\u0646)", "type": "industrial", "pollutionScore": 45}, "geometry": {"type": "MultiPolygon", "coordinates": [[[[51.3918155, 35.6107539], [51.3919459, 35.6102305], [51.3920965, 35.6100299], [51.3948544, 35.6093826], [51.3974068, 35.6090112], [51.3980053, 35.6086036], [51.3995184, 35.6080815], [51.4005868, 35.6082106], [51.4009367, 35.60849], [51.4015603, 35.6091498], [51.4020817, 35.6111997], [51.4021595, 35.6125773], [51.4013573, 35.6133978], [51.3940467, 35.6132558], [51.3931295, 35.6129737], [51.3918155, 35.6107539]]]]}}, {"type": "Feature", "properties": {"id": 114, "name": "\u06a9\u0627\u0631\u062e\u0627\u0646\u0647 \u06a9\u06cc\u0627\u0646 \u062a\u0627\u06cc\u0631", "type": "industrial", "pollutionScore": 30}, "geometry": {"type": "MultiPolygon", "coordinates": [[[[51.2990362, 35.6069226], [51.2992728, 35.6066337], [51.3010265, 35.6055218], [51.3027129, 35.6044525], [51.3029257, 35.60467], [51.3031539, 35.6045225], [51.304993, 35.60644], [51.3049895, 35.6066516], [51.3026294, 35.6091771], [51.2990362, 35.6069226]]]]}}, {"type": "Feature", "properties": {"id": 115, "name": "Industrial Area", "type": "industrial", "pollutionScore": 41}, "geometry": {"type": "MultiPolygon", "coordinates": [[[[51.2791322, 35.675613], [51.2822354, 35.6731084], [51.2822754, 35.6754016], [51.2791322, 35.675613]]]]}}, {"type": "Feature", "properties": {"id": 116, "name": "\u06a9\u0627\u0631\u062e\u0627\u0646\u0647 \u06cc\u062e \u0633\u0627\u0632\u06cc", "type": "industrial", "pollutionScore": 31}, "geometry": {"type": "MultiPolygon", "coordinates": [[[[51.444701, 35.6515158], [51.4456288, 35.6514448], [51.4456378, 35.6516118], [51.4463456, 35.6515407], [51.4463603, 35.6515511], [51.4464296, 35.6522698], [51.4447508, 35.6523645], [51.444701, 35.6515158]]]]}}, {"type": "Feature", "properties": {"id": 117, "name": "\u0622\u0644\u0648\u0645\u06cc\u0646\u06cc\u0648\u0645 \u0622\u0631\u0645\u0627\u0646 - \u0622\u0644\u0648\u0645\u06a9\u062b", "type": "industrial", "pollutionScore": 41}, "geometry": {"type": "MultiPolygon", "coordinates": [[[[51.3089688, 35.6709372], [51.3090283, 35.6708986], [51.3092337, 35.6708816], [51.3093209, 35.6708718], [51.309683, 35.6708487], [51.309997, 35.67083], [51.3101339, 35.6708212], [51.3101804, 35.6711723], [51.309021, 35.6713781], [51.3089688, 35.6709372]]]]}}, {"type": "Feature", "properties": {"id": 118, "name": "\u062a\u0635\u0641\u06cc\u0647\u200c\u062e\u0627\u0646\u0647 \u0641\u0627\u0636\u0644\u0627\u0628 \u0645\u062d\u0644\u0627\u062a\u06cc", "type": "industrial", "pollutionScore": 39}, "geometry": {"type": "MultiPolygon", "coordinates": [[[[51.5051197, 35.8002136], [51.5051659, 35.8000669], [51.5055073, 35.7999952], [51.505702, 35.7999952], [51.5064534, 35.8004906], [51.5066943, 35.8003031], [51.5069442, 35.8003381], [51.5073277, 35.8006495], [51.5068072, 35.8013414], [51.506482, 35.80121], [51.505958, 35.8008026], [51.5051197, 35.8002136]]]]}}, {"type": "Feature", "properties": {"id": 119, "name": "Industrial Area", "type": "industrial", "pollutionScore": 31}, "geometry": {"type": "MultiPolygon", "coordinates": [[[[51.429357, 35.8046942], [51.4293599, 35.8046107], [51.4295248, 35.8045761], [51.4295859, 35.8046872], [51.429357, 35.8046942]]]]}}, {"type": "Feature", "properties": {"id": 120, "name": "\u0645\u0631\u06a9\u0632 \u062e\u0631\u06cc\u062f \u0645\u0647\u062a\u0627\u0628", "type": "industrial", "pollutionScore": 43}, "geometry": {"type": "MultiPolygon", "coordinates": [[[[51.5102536, 35.7973927], [51.5110683, 35.7971981], [51.5111399, 35.7973755], [51.5111075, 35.7973851], [51.5111222, 35.7974265], [51.510338, 35.7976047], [51.5102536, 35.7973927]]]]}}, {"type": "Feature", "properties": {"id": 121, "name": "Industrial Area", "type": "industrial", "pollutionScore": 41}, "geometry": {"type": "MultiPolygon", "coordinates": [[[[51.51105, 35.7976766], [51.5112056, 35.7976309], [51.5113155, 35.7978571], [51.5112619, 35.7978702], [51.5112646, 35.7979159], [51.511168, 35.7979311], [51.51105, 35.7976766]]]]}}, {"type": "Feature", "properties": {"id": 122, "name": "Industrial Area", "type": "industrial", "pollutionScore": 38}, "geometry": {"type": "MultiPolygon", "coordinates": [[[[51.5105162, 35.7982444], [51.5114148, 35.7980268], [51.5115274, 35.798351], [51.5106235, 35.7984815], [51.5105162, 35.7982444]]]]}}, {"type": "Feature", "properties": {"id": 123, "name": "Industrial Area", "type": "industrial", "pollutionScore": 49}, "geometry": {"type": "MultiPolygon", "coordinates": [[[[51.4520898, 35.798522], [51.4523269, 35.7984084], [51.4524178, 35.7985332], [51.4521807, 35.7986468], [51.4520898, 35.798522]]]]}}, {"type": "Feature", "properties": {"id": 124, "name": "Industrial Area", "type": "industrial", "pollutionScore": 32}, "geometry": {"type": "MultiPolygon", "coordinates": [[[[51.4967059, 35.7988893], [51.4973791, 35.7988632], [51.4974703, 35.7994593], [51.4971028, 35.7995006], [51.4969633, 35.7994615], [51.4968721, 35.7994245], [51.4967059, 35.7988893]]]]}}, {"type": "Feature", "properties": {"id": 125, "name": "Industrial Area", "type": "industrial", "pollutionScore": 42}, "geometry": {"type": "MultiPolygon", "coordinates": [[[[51.4978712, 35.7987419], [51.4988735, 35.7989028], [51.4989611, 35.7991596], [51.4980785, 35.7993561], [51.4980719, 35.7993383], [51.4978712, 35.7987419]]]]}}, {"type": "Feature", "properties": {"id": 126, "name": "Industrial Area", "type": "industrial", "pollutionScore": 40}, "geometry": {"type": "MultiPolygon", "coordinates": [[[[51.2746673, 35.6748378], [51.2747759, 35.6747576], [51.2747467, 35.6747315], [51.2749342, 35.6745929], [51.2754118, 35.6750194], [51.2751158, 35.6752382], [51.2746673, 35.6748378]]]]}}, {"type": "Feature", "properties": {"id": 127, "name": "Industrial Area", "type": "industrial", "pollutionScore": 30}, "geometry": {"type": "MultiPolygon", "coordinates": [[[[51.2790755, 35.6772905], [51.2792555, 35.6772825], [51.279297, 35.6779026], [51.2791169, 35.6779105], [51.2790755, 35.6772905]]]]}}, {"type": "Feature", "properties": {"id": 128, "name": "Industrial Area", "type": "industrial", "pollutionScore": 30}, "geometry": {"type": "MultiPolygon", "coordinates": [[[[51.2798064, 35.6772752], [51.2804246, 35.677249], [51.2804662, 35.6778985], [51.2798481, 35.6779246], [51.2798064, 35.6772752]]]]}}, {"type": "Feature", "properties": {"id": 129, "name": "Industrial Area", "type": "industrial", "pollutionScore": 39}, "geometry": {"type": "MultiPolygon", "coordinates": [[[[51.2793817, 35.6775785], [51.2797461, 35.6775522], [51.2797633, 35.6777105], [51.279399, 35.6777368], [51.2793817, 35.6775785]]]]}}, {"type": "Feature", "properties": {"id": 130, "name": "Industrial Area", "type": "industrial", "pollutionScore": 32}, "geometry": {"type": "MultiPolygon", "coordinates": [[[[51.2794428, 35.6774376], [51.2796656, 35.6774273], [51.2796591, 35.6773346], [51.2797579, 35.67733], [51.2797716, 35.6775256], [51.27945, 35.6775405], [51.2794428, 35.6774376]]]]}}, {"type": "Feature", "properties": {"id": 131, "name": "Industrial Area", "type": "industrial", "pollutionScore": 50}, "geometry": {"type": "MultiPolygon", "coordinates": [[[[51.2793966, 35.6770368], [51.279687, 35.6770234], [51.2796909, 35.6770793], [51.2796074, 35.6770832], [51.279609, 35.6771062], [51.2794585, 35.6771132], [51.2794567, 35.6770881], [51.2794004, 35.6770907], [51.2793966, 35.6770368]]]]}}, {"type": "Feature", "properties": {"id": 132, "name": "Industrial Area", "type": "industrial", "pollutionScore": 41}, "geometry": {"type": "MultiPolygon", "coordinates": [[[[51.2801259, 35.6769702], [51.280413, 35.6769607], [51.2804216, 35.6771316], [51.2801344, 35.677141], [51.2801259, 35.6769702]]]]}}, {"type": "Feature", "properties": {"id": 133, "name": "Industrial Area", "type": "industrial", "pollutionScore": 36}, "geometry": {"type": "MultiPolygon", "coordinates": [[[[51.2805065, 35.6776633], [51.2805355, 35.6776621], [51.2805293, 35.6775551], [51.280797, 35.6775448], [51.2808033, 35.6776527], [51.2808287, 35.6776517], [51.2808579, 35.6781506], [51.2805357, 35.678163], [51.2805065, 35.6776633]]]]}}, {"type": "Feature", "properties": {"id": 134, "name": "Industrial Area", "type": "industrial", "pollutionScore": 39}, "geometry": {"type": "MultiPolygon", "coordinates": [[[[51.280552, 35.6782652], [51.2808425, 35.6782562], [51.2808767, 35.6789848], [51.2805863, 35.6789938], [51.280552, 35.6782652]]]]}}, {"type": "Feature", "properties": {"id": 135, "name": "Industrial Area", "type": "industrial", "pollutionScore": 30}, "geometry": {"type": "MultiPolygon", "coordinates": [[[[51.2820869, 35.678895], [51.2822843, 35.6788873], [51.2822806, 35.6788234], [51.2825031, 35.6788147], [51.2825394, 35.6794267], [51.2821195, 35.6794431], [51.2820869, 35.678895]]]]}}, {"type": "Feature", "properties": {"id": 136, "name": "Industrial Area", "type": "industrial", "pollutionScore": 44}, "geometry": {"type": "MultiPolygon", "coordinates": [[[[51.2825475, 35.6771859], [51.2826525, 35.6771818], [51.2827145, 35.6782185], [51.2826095, 35.6782226], [51.2825475, 35.6771859]]]]}}, {"type": "Feature", "properties": {"id": 137, "name": "Industrial Area", "type": "industrial", "pollutionScore": 49}, "geometry": {"type": "MultiPolygon", "coordinates": [[[[51.2834795, 35.6799005], [51.2839188, 35.6798833], [51.2839043, 35.6796398], [51.2835668, 35.6796531], [51.2835514, 35.6793954], [51.2839944, 35.6793779], [51.2840826, 35.6808559], [51.2840371, 35.6808577], [51.2840658, 35.6813421], [51.2837246, 35.6813555], [51.2836823, 35.6806419], [51.2835421, 35.6806474], [51.2835209, 35.6802905], [51.2836551, 35.6802853], [51.2836447, 35.68011], [51.2834923, 35.680116], [51.2834795, 35.6799005]]]]}}, {"type": "Feature", "properties": {"id": 138, "name": "Industrial Area", "type": "industrial", "pollutionScore": 42}, "geometry": {"type": "MultiPolygon", "coordinates": [[[[51.2828332, 35.6822367], [51.2837482, 35.6819645], [51.28385, 35.6821903], [51.2829351, 35.6824626], [51.2828332, 35.6822367]]]]}}, {"type": "Feature", "properties": {"id": 139, "name": "Industrial Area", "type": "industrial", "pollutionScore": 48}, "geometry": {"type": "MultiPolygon", "coordinates": [[[[51.2850222, 35.6800095], [51.2855829, 35.6799826], [51.2856586, 35.6813884], [51.2853552, 35.6813997], [51.2853197, 35.6807659], [51.2850677, 35.6807752], [51.2850541, 35.6805306], [51.2852329, 35.680524], [51.2852197, 35.6802875], [51.2850489, 35.6802939], [51.2850222, 35.6800095]]]]}}, {"type": "Feature", "properties": {"id": 140, "name": "Industrial Area", "type": "industrial", "pollutionScore": 30}, "geometry": {"type": "MultiPolygon", "coordinates": [[[[51.2864933, 35.6809853], [51.2872616, 35.6809835], [51.2872622, 35.6811412], [51.2866336, 35.6811426], [51.2866342, 35.6813222], [51.2864945, 35.6813226], [51.2864933, 35.6809853]]]]}}, {"type": "Feature", "properties": {"id": 141, "name": "Industrial Area", "type": "industrial", "pollutionScore": 34}, "geometry": {"type": "MultiPolygon", "coordinates": [[[[51.2867816, 35.6799065], [51.287029, 35.6798989], [51.2870521, 35.680396], [51.2868047, 35.6804036], [51.2867816, 35.6799065]]]]}}, {"type": "Feature", "properties": {"id": 142, "name": "Industrial Area", "type": "industrial", "pollutionScore": 33}, "geometry": {"type": "MultiPolygon", "coordinates": [[[[51.2864249, 35.679922], [51.2867522, 35.6799072], [51.2867861, 35.6804003], [51.2864589, 35.6804152], [51.2864249, 35.679922]]]]}}, {"type": "Feature", "properties": {"id": 143, "name": "Industrial Area", "type": "industrial", "pollutionScore": 46}, "geometry": {"type": "MultiPolygon", "coordinates": [[[[51.2865015, 35.6804736], [51.2868086, 35.6804605], [51.2868167, 35.6805857], [51.2865095, 35.6805988], [51.2865015, 35.6804736]]]]}}, {"type": "Feature", "properties": {"id": 144, "name": "Industrial Area", "type": "industrial", "pollutionScore": 43}, "geometry": {"type": "MultiPolygon", "coordinates": [[[[51.2865256, 35.6806442], [51.2868272, 35.6806333], [51.2873525, 35.6806144], [51.2873597, 35.6807472], [51.2865328, 35.6807769], [51.2865256, 35.6806442]]]]}}, {"type": "Feature", "properties": {"id": 145, "name": "Industrial Area", "type": "industrial", "pollutionScore": 43}, "geometry": {"type": "MultiPolygon", "coordinates": [[[[51.2864921, 35.6808762], [51.2872431, 35.6808457], [51.2872484, 35.6809503], [51.2872555, 35.6809738], [51.2864981, 35.6809757], [51.2864921, 35.6808762]]]]}}, {"type": "Feature", "properties": {"id": 146, "name": "Industrial Area", "type": "industrial", "pollutionScore": 35}, "geometry": {"type": "MultiPolygon", "coordinates": [[[[51.2868243, 35.6804219], [51.2871479, 35.6804127], [51.2871568, 35.6806187], [51.2868332, 35.6806279], [51.2868243, 35.6804219]]]]}}, {"type": "Feature", "properties": {"id": 147, "name": "Industrial Area", "type": "industrial", "pollutionScore": 46}, "geometry": {"type": "MultiPolygon", "coordinates": [[[[51.2870582, 35.6798885], [51.2873398, 35.6798795], [51.2873449, 35.6799841], [51.2870633, 35.6799931], [51.2870582, 35.6798885]]]]}}, {"type": "Feature", "properties": {"id": 148, "name": "Industrial Area", "type": "industrial", "pollutionScore": 47}, "geometry": {"type": "MultiPolygon", "coordinates": [[[[51.2877148, 35.6801662], [51.287792, 35.6801627], [51.2878012, 35.6802963], [51.28796, 35.6802892], [51.2879687, 35.6804169], [51.2877326, 35.6804275], [51.2877148, 35.6801662]]]]}}, {"type": "Feature", "properties": {"id": 149, "name": "Industrial Area", "type": "industrial", "pollutionScore": 41}, "geometry": {"type": "MultiPolygon", "coordinates": [[[[51.2879772, 35.6798748], [51.288714, 35.6798521], [51.2887369, 35.6803417], [51.2880001, 35.6803645], [51.2879772, 35.6798748]]]]}}, {"type": "Feature", "properties": {"id": 150, "name": "Industrial Area", "type": "industrial", "pollutionScore": 42}, "geometry": {"type": "MultiPolygon", "coordinates": [[[[51.2880577, 35.6805578], [51.2882736, 35.6805624], [51.2882833, 35.6807399], [51.2880593, 35.6807484], [51.28806, 35.68065], [51.2880577, 35.6805578]]]]}}, {"type": "Feature", "properties": {"id": 151, "name": "Industrial Area", "type": "industrial", "pollutionScore": 37}, "geometry": {"type": "MultiPolygon", "coordinates": [[[[51.2877554, 35.6804992], [51.2878919, 35.6804992], [51.2880514, 35.6804906], [51.28806, 35.68065], [51.2877606, 35.6806708], [51.2877554, 35.6804992]]]]}}, {"type": "Feature", "properties": {"id": 152, "name": "Industrial Area", "type": "industrial", "pollutionScore": 45}, "geometry": {"type": "MultiPolygon", "coordinates": [[[[51.288255, 35.6803718], [51.2884207, 35.6803644], [51.2884244, 35.680419], [51.2884895, 35.6804161], [51.2884878, 35.680392], [51.2887535, 35.6803801], [51.2887646, 35.6805431], [51.2886789, 35.6805469], [51.2886885, 35.6806889], [51.2883144, 35.6807056], [51.2883034, 35.6805443], [51.2882669, 35.680546], [51.288255, 35.6803718]]]]}}, {"type": "Feature", "properties": {"id": 153, "name": "Industrial Area", "type": "industrial", "pollutionScore": 36}, "geometry": {"type": "MultiPolygon", "coordinates": [[[[51.2873474, 35.6807618], [51.2874264, 35.68076], [51.2875172, 35.6807579], [51.2875219, 35.6808971], [51.2874542, 35.6808987], [51.2874516, 35.6808222], [51.2873495, 35.6808245], [51.2873474, 35.6807618]]]]}}, {"type": "Feature", "properties": {"id": 154, "name": "Industrial Area", "type": "industrial", "pollutionScore": 31}, "geometry": {"type": "MultiPolygon", "coordinates": [[[[51.287748, 35.6807609], [51.2879149, 35.6807521], [51.2879309, 35.6809524], [51.287764, 35.6809613], [51.287748, 35.6807609]]]]}}, {"type": "Feature", "properties": {"id": 155, "name": "Industrial Area", "type": "industrial", "pollutionScore": 35}, "geometry": {"type": "MultiPolygon", "coordinates": [[[[51.2885301, 35.6795642], [51.2886787, 35.6795575], [51.2886974, 35.679831], [51.2885487, 35.6798377], [51.2885301, 35.6795642]]]]}}, {"type": "Feature", "properties": {"id": 156, "name": "Industrial Area", "type": "industrial", "pollutionScore": 34}, "geometry": {"type": "MultiPolygon", "coordinates": [[[[51.2878746, 35.6787056], [51.2882805, 35.6786907], [51.2882556, 35.6782431], [51.2886023, 35.6782303], [51.2886757, 35.6795458], [51.287923, 35.6795734], [51.2878746, 35.6787056]]]]}}, {"type": "Feature", "properties": {"id": 157, "name": "Industrial Area", "type": "industrial", "pollutionScore": 36}, "geometry": {"type": "MultiPolygon", "coordinates": [[[[51.2887111, 35.6784116], [51.2892593, 35.6783934], [51.2892688, 35.6785821], [51.2887206, 35.6786003], [51.2887111, 35.6784116]]]]}}, {"type": "Feature", "properties": {"id": 158, "name": "Industrial Area", "type": "industrial", "pollutionScore": 36}, "geometry": {"type": "MultiPolygon", "coordinates": [[[[51.2887322, 35.6786818], [51.2893, 35.6786769], [51.2893015, 35.6787901], [51.2887337, 35.6787951], [51.2887322, 35.6786818]]]]}}, {"type": "Feature", "properties": {"id": 159, "name": "Industrial Area", "type": "industrial", "pollutionScore": 49}, "geometry": {"type": "MultiPolygon", "coordinates": [[[[51.2891566, 35.6788294], [51.2893579, 35.6788179], [51.2893731, 35.678994], [51.2891719, 35.6790055], [51.2891566, 35.6788294]]]]}}, {"type": "Feature", "properties": {"id": 160, "name": "Industrial Area", "type": "industrial", "pollutionScore": 37}, "geometry": {"type": "MultiPolygon", "coordinates": [[[[51.2894145, 35.678282], [51.2896329, 35.6782717], [51.2896689, 35.678775], [51.2894505, 35.6787853], [51.2894145, 35.678282]]]]}}, {"type": "Feature", "properties": {"id": 161, "name": "Industrial Area", "type": "industrial", "pollutionScore": 40}, "geometry": {"type": "MultiPolygon", "coordinates": [[[[51.2896854, 35.6755634], [51.2906635, 35.6755251], [51.2906905, 35.6759795], [51.2904592, 35.6759886], [51.2904461, 35.675768], [51.2899294, 35.6757883], [51.2899423, 35.6760047], [51.2897121, 35.6760137], [51.2896854, 35.6755634]]]]}}, {"type": "Feature", "properties": {"id": 162, "name": "Industrial Area", "type": "industrial", "pollutionScore": 39}, "geometry": {"type": "MultiPolygon", "coordinates": [[[[51.2900098, 35.675897], [51.2904026, 35.6758832], [51.2904083, 35.6759898], [51.2900155, 35.6760037], [51.2900098, 35.675897]]]]}}, {"type": "Feature", "properties": {"id": 163, "name": "Industrial Area", "type": "industrial", "pollutionScore": 44}, "geometry": {"type": "MultiPolygon", "coordinates": [[[[51.290829, 35.6754249], [51.2912051, 35.6754157], [51.2912118, 35.6755977], [51.291113, 35.6756001], [51.2911254, 35.6759346], [51.2908482, 35.6759414], [51.290829, 35.6754249]]]]}}, {"type": "Feature", "properties": {"id": 164, "name": "Industrial Area", "type": "industrial", "pollutionScore": 38}, "geometry": {"type": "MultiPolygon", "coordinates": [[[[51.291223, 35.6754124], [51.2918656, 35.6754009], [51.2918701, 35.6755653], [51.2917127, 35.6755681], [51.2917142, 35.6756237], [51.291229, 35.6756324], [51.291223, 35.6754124]]]]}}, {"type": "Feature", "properties": {"id": 165, "name": "Industrial Area", "type": "industrial", "pollutionScore": 49}, "geometry": {"type": "MultiPolygon", "coordinates": [[[[51.2908863, 35.6753217], [51.2919489, 35.6751436], [51.2919597, 35.6753026], [51.290889, 35.6753413], [51.2908863, 35.6753217]]]]}}, {"type": "Feature", "properties": {"id": 166, "name": "Industrial Area", "type": "industrial", "pollutionScore": 42}, "geometry": {"type": "MultiPolygon", "coordinates": [[[[51.2919362, 35.6747272], [51.2920315, 35.6747253], [51.2920442, 35.6751417], [51.2919489, 35.6751436], [51.2919362, 35.6747272]]]]}}, {"type": "Feature", "properties": {"id": 167, "name": "\u067e\u0631\u0634\u06cc\u0627 \u0633\u0627\u0632\u0647 \u0627\u0633\u062a\u06cc\u0644", "type": "industrial", "pollutionScore": 34}, "geometry": {"type": "MultiPolygon", "coordinates": [[[[51.2922325, 35.6746794], [51.2924069, 35.6746402], [51.2924715, 35.6759036], [51.2922757, 35.6759145], [51.2922348, 35.6747465], [51.2922325, 35.6746794]]]]}}, {"type": "Feature", "properties": {"id": 168, "name": "Industrial Area", "type": "industrial", "pollutionScore": 33}, "geometry": {"type": "MultiPolygon", "coordinates": [[[[51.2925928, 35.6745975], [51.2927752, 35.6745627], [51.2928436, 35.6758889], [51.2926559, 35.6758889], [51.2925928, 35.6745975]]]]}}, {"type": "Feature", "properties": {"id": 169, "name": "Industrial Area", "type": "industrial", "pollutionScore": 45}, "geometry": {"type": "MultiPolygon", "coordinates": [[[[51.2951261, 35.6747008], [51.2953524, 35.6746911], [51.295378, 35.6750845], [51.2951517, 35.6750943], [51.2951261, 35.6747008]]]]}}, {"type": "Feature", "properties": {"id": 170, "name": "Industrial Area", "type": "industrial", "pollutionScore": 48}, "geometry": {"type": "MultiPolygon", "coordinates": [[[[51.2954051, 35.6749783], [51.2956773, 35.6749761], [51.2956786, 35.6750785], [51.2954064, 35.6750807], [51.2954051, 35.6749783]]]]}}, {"type": "Feature", "properties": {"id": 171, "name": "Industrial Area", "type": "industrial", "pollutionScore": 40}, "geometry": {"type": "MultiPolygon", "coordinates": [[[[51.295962, 35.6739236], [51.2963137, 35.6739064], [51.2963233, 35.6740355], [51.2959716, 35.6740527], [51.295962, 35.6739236]]]]}}, {"type": "Feature", "properties": {"id": 172, "name": "Industrial Area", "type": "industrial", "pollutionScore": 41}, "geometry": {"type": "MultiPolygon", "coordinates": [[[[51.2959967, 35.6741614], [51.296282, 35.6741511], [51.2962975, 35.6744328], [51.2960122, 35.6744432], [51.2959967, 35.6741614]]]]}}, {"type": "Feature", "properties": {"id": 173, "name": "Industrial Area", "type": "industrial", "pollutionScore": 50}, "geometry": {"type": "MultiPolygon", "coordinates": [[[[51.296049, 35.6744837], [51.2962861, 35.6744733], [51.2963016, 35.6747063], [51.2960645, 35.6747167], [51.296049, 35.6744837]]]]}}, {"type": "Feature", "properties": {"id": 174, "name": "Industrial Area", "type": "industrial", "pollutionScore": 34}, "geometry": {"type": "MultiPolygon", "coordinates": [[[[51.2960395, 35.6747589], [51.2963209, 35.6747498], [51.2963257, 35.6748475], [51.2960443, 35.6748567], [51.2960395, 35.6747589]]]]}}, {"type": "Feature", "properties": {"id": 175, "name": "Industrial Area", "type": "industrial", "pollutionScore": 39}, "geometry": {"type": "MultiPolygon", "coordinates": [[[[51.2960487, 35.6749079], [51.2963247, 35.6748926], [51.2963326, 35.6749864], [51.2960566, 35.6750017], [51.2960487, 35.6749079]]]]}}, {"type": "Feature", "properties": {"id": 176, "name": "Industrial Area", "type": "industrial", "pollutionScore": 33}, "geometry": {"type": "MultiPolygon", "coordinates": [[[[51.2977503, 35.6741011], [51.2979551, 35.6740812], [51.2979284, 35.6738997], [51.2981744, 35.6738758], [51.2982323, 35.6742694], [51.2977815, 35.6743131], [51.2977503, 35.6741011]]]]}}, {"type": "Feature", "properties": {"id": 177, "name": "Industrial Area", "type": "industrial", "pollutionScore": 35}, "geometry": {"type": "MultiPolygon", "coordinates": [[[[51.301117, 35.6746483], [51.3012769, 35.6746427], [51.3012811, 35.6747224], [51.3014758, 35.6747156], [51.3014706, 35.6746157], [51.3016473, 35.6746096], [51.3016567, 35.6747877], [51.3012469, 35.6748019], [51.3012481, 35.6748248], [51.3011265, 35.674829], [51.3011262, 35.6747307], [51.301117, 35.6746483]]]]}}, {"type": "Feature", "properties": {"id": 178, "name": "Industrial Area", "type": "industrial", "pollutionScore": 41}, "geometry": {"type": "MultiPolygon", "coordinates": [[[[51.3012939, 35.6748238], [51.3016561, 35.674807], [51.3016745, 35.6750693], [51.3013661, 35.6750836], [51.3013592, 35.6749846], [51.3013054, 35.6749871], [51.3012939, 35.6748238]]]]}}, {"type": "Feature", "properties": {"id": 179, "name": "Industrial Area", "type": "industrial", "pollutionScore": 35}, "geometry": {"type": "MultiPolygon", "coordinates": [[[[51.301126, 35.6751756], [51.3016603, 35.6751544], [51.3016877, 35.6756103], [51.3015043, 35.6756175], [51.3014994, 35.6755345], [51.3013842, 35.675539], [51.3013781, 35.6754371], [51.3012302, 35.675443], [51.3012336, 35.6754984], [51.3011456, 35.6755019], [51.301126, 35.6751756]]]]}}, {"type": "Feature", "properties": {"id": 180, "name": "Industrial Area", "type": "industrial", "pollutionScore": 41}, "geometry": {"type": "MultiPolygon", "coordinates": [[[[51.3011322, 35.675509], [51.3012386, 35.6755035], [51.3012346, 35.6754517], [51.3013738, 35.6754446], [51.3013888, 35.6756387], [51.3011756, 35.6756496], [51.3011407, 35.6756191], [51.3011322, 35.675509]]]]}}, {"type": "Feature", "properties": {"id": 181, "name": "\u0635\u0646\u0627\u06cc\u0639 \u0628\u062e\u0627\u0631 \u0627\u0646\u062a\u0638\u0627\u0631\u06cc", "type": "industrial", "pollutionScore": 42}, "geometry": {"type": "MultiPolygon", "coordinates": [[[[51.4321202, 35.705207], [51.4324183, 35.7051507], [51.4324529, 35.7051908], [51.4321356, 35.7052508], [51.4321202, 35.705207]]]]}}, {"type": "Feature", "properties": {"id": 182, "name": "\u0628\u0627\u0632\u0627\u0631 \u0622\u0647\u0646 \u0634\u0627\u062f\u0622\u0628\u0627\u062f", "type": "industrial", "pollutionScore": 40}, "geometry": {"type": "MultiPolygon", "coordinates": [[[[51.3090532, 35.6624353], [51.3091088, 35.6617537], [51.3094985, 35.6611961], [51.3099264, 35.6611858], [51.3101, 35.6602665], [51.3099971, 35.659453], [51.311409, 35.6590791], [51.3122562, 35.6590273], [51.3135144, 35.6591822], [51.3142876, 35.6581288], [51.3151004, 35.6571028], [51.3153782, 35.6568921], [51.3154385, 35.6566959], [51.31543, 35.656595], [51.3154209, 35.6565482], [51.3156647, 35.6558643], [51.3163409, 35.6539465], [51.3188307, 35.6549134], [51.3193014, 35.6550365], [51.318402, 35.658435], [51.3183937, 35.6592459], [51.317856, 35.661278], [51.317792, 35.6618605], [51.3169486, 35.6621651], [51.3162061, 35.662422], [51.3158263, 35.6624866], [51.3146592, 35.6625259], [51.3123095, 35.6626573], [51.311756, 35.6626695], [51.3110861, 35.6626875], [51.309736, 35.6626076], [51.3090532, 35.6624353]]]]}}, {"type": "Feature", "properties": {"id": 183, "name": "\u06a9\u0627\u0631\u062e\u0627\u0646\u0647 \u06af\u0648\u0634\u062a\u06cc\u0631\u0627\u0646", "type": "industrial", "pollutionScore": 31}, "geometry": {"type": "MultiPolygon", "coordinates": [[[[51.2955621, 35.6701997], [51.2967409, 35.6701712], [51.2968215, 35.6718287], [51.2966472, 35.6718381], [51.2956535, 35.6718918], [51.2955621, 35.6701997]]]]}}, {"type": "Feature", "properties": {"id": 184, "name": "Industrial Area", "type": "industrial", "pollutionScore": 42}, "geometry": {"type": "MultiPolygon", "coordinates": [[[[51.3454924, 35.6561899], [51.3456109, 35.6557355], [51.3455681, 35.6557282], [51.3455821, 35.6556745], [51.3456116, 35.6556795], [51.345621, 35.6556431], [51.3458518, 35.6556829], [51.3457098, 35.6562273], [51.3454924, 35.6561899]]]]}}, {"type": "Feature", "properties": {"id": 185, "name": "Industrial Area", "type": "industrial", "pollutionScore": 35}, "geometry": {"type": "MultiPolygon", "coordinates": [[[[51.3450367, 35.6561259], [51.3450765, 35.6559559], [51.3454734, 35.6560172], [51.3454336, 35.6561873], [51.3450367, 35.6561259]]]]}}, {"type": "Feature", "properties": {"id": 186, "name": "Industrial Area", "type": "industrial", "pollutionScore": 36}, "geometry": {"type": "MultiPolygon", "coordinates": [[[[51.3447534, 35.6560698], [51.3448812, 35.6555383], [51.3451001, 35.655573], [51.3449724, 35.6561045], [51.3447534, 35.6560698]]]]}}, {"type": "Feature", "properties": {"id": 187, "name": "Industrial Area", "type": "industrial", "pollutionScore": 50}, "geometry": {"type": "MultiPolygon", "coordinates": [[[[51.3447678, 35.6562875], [51.3447941, 35.6561916], [51.3450885, 35.6562449], [51.3450622, 35.6563408], [51.3447678, 35.6562875]]]]}}, {"type": "Feature", "properties": {"id": 188, "name": "Industrial Area", "type": "industrial", "pollutionScore": 35}, "geometry": {"type": "MultiPolygon", "coordinates": [[[[51.3447455, 35.6563968], [51.3447598, 35.656344], [51.3449268, 35.6563738], [51.3449126, 35.6564266], [51.3447455, 35.6563968]]]]}}, {"type": "Feature", "properties": {"id": 189, "name": "\u0645\u062c\u062a\u0645\u0639 \u0635\u0646\u0639\u062a\u06cc \u062d\u0627\u062a\u0645\u06cc", "type": "industrial", "pollutionScore": 35}, "geometry": {"type": "MultiPolygon", "coordinates": [[[[51.3103742, 35.6646643], [51.3111628, 35.6650289], [51.3115386, 35.664971], [51.3118798, 35.665044], [51.3119125, 35.6657699], [51.3119693, 35.6667883], [51.310429, 35.6668305], [51.3103742, 35.6646643]]]]}}, {"type": "Feature", "properties": {"id": 190, "name": "\u06a9\u0627\u0631\u062e\u0627\u0646\u0647 \u0644\u0628\u0646\u06cc\u0627\u062a \u0628\u06cc\u0633\u0627\u06a9\u0648", "type": "industrial", "pollutionScore": 33}, "geometry": {"type": "MultiPolygon", "coordinates": [[[[51.2739097, 35.6270252], [51.2741893, 35.6256897], [51.2757328, 35.6258608], [51.2754329, 35.6272377], [51.2739097, 35.6270252]]]]}}, {"type": "Feature", "properties": {"id": 191, "name": "Industrial Area", "type": "industrial", "pollutionScore": 42}, "geometry": {"type": "MultiPolygon", "coordinates": [[[[51.2751903, 35.6204207], [51.2756192, 35.6182493], [51.2802557, 35.6188028], [51.279996, 35.619862], [51.2797816, 35.6210273], [51.2773773, 35.6207352], [51.2751903, 35.6204207]]]]}}, {"type": "Feature", "properties": {"id": 192, "name": "Industrial Area", "type": "industrial", "pollutionScore": 41}, "geometry": {"type": "MultiPolygon", "coordinates": [[[[51.4264712, 35.6415699], [51.4283499, 35.6415027], [51.4283625, 35.641735], [51.4264838, 35.6418022], [51.4264712, 35.6415699]]]]}}, {"type": "Feature", "properties": {"id": 193, "name": "\u0645\u062c\u0645\u0648\u0639\u0647 \u06a9\u0627\u0631\u062e\u0627\u0646\u062c\u0627\u062a \u0633\u062f\u06cc\u062f", "type": "industrial", "pollutionScore": 41}, "geometry": {"type": "MultiPolygon", "coordinates": [[[[51.3185586, 35.6091758], [51.3194025, 35.6042318], [51.3195934, 35.6028325], [51.3197497, 35.6028243], [51.3197389, 35.6025439], [51.3229531, 35.6028223], [51.3232502, 35.602848], [51.3231991, 35.6037057], [51.3254321, 35.6038147], [51.3252497, 35.6058559], [51.3253891, 35.6066933], [51.3252068, 35.6076485], [51.3251675, 35.6088107], [51.3251693, 35.6095005], [51.3239663, 35.6094434], [51.3239233, 35.6099529], [51.323238, 35.6099512], [51.3221775, 35.6099243], [51.3216094, 35.6099305], [51.320985, 35.609973], [51.3194132, 35.6099556], [51.3189853, 35.609902], [51.3187312, 35.6098524], [51.318564, 35.6097425], [51.3185586, 35.6091758]]]]}}, {"type": "Feature", "properties": {"id": 194, "name": "Industrial Area", "type": "industrial", "pollutionScore": 36}, "geometry": {"type": "MultiPolygon", "coordinates": [[[[51.3518592, 35.6005322], [51.3552496, 35.5984969], [51.3567347, 35.5976159], [51.3577061, 35.5983982], [51.3588114, 35.5980338], [51.3593592, 35.5985652], [51.3595367, 35.6011853], [51.3577341, 35.6025371], [51.3560809, 35.6009423], [51.3550161, 35.6015954], [51.3544931, 35.6023092], [51.3549508, 35.6027497], [51.354381, 35.6033876], [51.3536995, 35.6029632], [51.3518592, 35.6005322]]]]}}, {"type": "Feature", "properties": {"id": 195, "name": "Industrial Area", "type": "industrial", "pollutionScore": 42}, "geometry": {"type": "MultiPolygon", "coordinates": [[[[51.3195155, 35.6109527], [51.3197208, 35.6101873], [51.3197102, 35.610147], [51.3234015, 35.6101067], [51.3231043, 35.610852], [51.3223115, 35.6108347], [51.3223327, 35.6113785], [51.3209418, 35.6113699], [51.3206587, 35.611085], [51.3195155, 35.6109527]]]]}}, {"type": "Feature", "properties": {"id": 196, "name": "\u06af\u0631\u0648\u0647 \u0635\u0646\u0639\u062a\u06cc \u0628\u0648\u062a\u0627\u0646", "type": "industrial", "pollutionScore": 44}, "geometry": {"type": "MultiPolygon", "coordinates": [[[[51.2972399, 35.6083309], [51.2988459, 35.6072176], [51.3023501, 35.6094718], [51.3011255, 35.6107091], [51.2972399, 35.6083309]]]]}}, {"type": "Feature", "properties": {"id": 197, "name": "\u06a9\u0627\u0631\u062e\u0627\u0646\u0647 \u0622\u0631\u062f", "type": "industrial", "pollutionScore": 38}, "geometry": {"type": "MultiPolygon", "coordinates": [[[[51.3527929, 35.6718422], [51.3542015, 35.6713238], [51.3545965, 35.6721036], [51.3532005, 35.6726017], [51.3527929, 35.6718422]]]]}}, {"type": "Feature", "properties": {"id": 198, "name": "\u0634\u0631\u06a9\u062a \u0635\u0646\u0627\u06cc\u0639 \u0645\u0627\u0634\u06cc\u0646 \u0622\u0644\u0627\u062a \u0622\u0633\u0641\u0627\u0644\u062a \u0627\u06cc\u0631\u0627\u0646", "type": "industrial", "pollutionScore": 47}, "geometry": {"type": "MultiPolygon", "coordinates": [[[[51.3180104, 35.7015764], [51.3180268, 35.7010256], [51.3181646, 35.7010261], [51.3186467, 35.7010346], [51.3187467, 35.70104], [51.3187332, 35.7015927], [51.3180104, 35.7015764]]]]}}, {"type": "Feature", "properties": {"id": 199, "name": "\u0634\u0631\u06a9\u062a \u0645\u0647\u0646\u062f\u0633\u06cc \u0627\u06cc\u0631\u0627\u0646 \u062e\u0648\u062f\u0631\u0648 \u062f\u06cc\u0632\u0644", "type": "industrial", "pollutionScore": 47}, "geometry": {"type": "MultiPolygon", "coordinates": [[[[51.3180318, 35.7009633], [51.3180644, 35.7000021], [51.3180775, 35.6996166], [51.3180788, 35.699579], [51.3184466, 35.6995872], [51.3184255, 35.7001236], [51.3183909, 35.7001228], [51.3183604, 35.700972], [51.3180318, 35.7009633]]]]}}, {"type": "Feature", "properties": {"id": 200, "name": "\u0634\u0631\u06a9\u062a \u0686\u0627\u067e \u0628\u0627\u0646\u06a9 \u0645\u0644\u062a", "type": "industrial", "pollutionScore": 36}, "geometry": {"type": "MultiPolygon", "coordinates": [[[[51.3188447, 35.7031166], [51.3188621, 35.7023534], [51.3189506, 35.7023574], [51.3189534, 35.7023027], [51.3188621, 35.7022999], [51.3188627, 35.7022515], [51.3195822, 35.7022657], [51.3195633, 35.7031644], [51.3188727, 35.7031394], [51.3188447, 35.7031166]]]]}}, {"type": "Feature", "properties": {"id": 201, "name": "\u062a\u0635\u0641\u06cc\u0647 \u062e\u0627\u0646\u0647 \u0634\u0647\u0631\u06a9", "type": "industrial", "pollutionScore": 49}, "geometry": {"type": "MultiPolygon", "coordinates": [[[[51.5046173, 35.7059446], [51.5057333, 35.7054786], [51.5061588, 35.70592], [51.5049624, 35.7066033], [51.5046173, 35.7059446]]]]}}, {"type": "Feature", "properties": {"id": 202, "name": "Industrial Area", "type": "industrial", "pollutionScore": 50}, "geometry": {"type": "MultiPolygon", "coordinates": [[[[51.2785114, 35.706937], [51.2791895, 35.7068127], [51.2793983, 35.7076642], [51.2787351, 35.7077865], [51.2785114, 35.706937]]]]}}, {"type": "Feature", "properties": {"id": 203, "name": "\u06a9\u0627\u0631\u062e\u0627\u0646\u0647 \u0644\u0627\u0633\u062a\u06cc\u06a9 \u0627\u06cc\u0631\u0627\u0646 \u062a\u0627\u06cc\u0631", "type": "industrial", "pollutionScore": 40}, "geometry": {"type": "MultiPolygon", "coordinates": [[[[51.2754864, 35.7061515], [51.2761472, 35.706035], [51.2761138, 35.70591], [51.275578, 35.7039069], [51.2764871, 35.7038094], [51.2782594, 35.703434], [51.2791895, 35.7068127], [51.2785114, 35.706937], [51.2778388, 35.7070729], [51.2771649, 35.7071918], [51.2763029, 35.7073438], [51.2762087, 35.7069916], [51.2761838, 35.706996], [51.2757335, 35.7070754], [51.2754864, 35.7061515]]]]}}, {"type": "Feature", "properties": {"id": 204, "name": "\u062f\u0627\u0631\u0648\u0633\u0627\u0632\u06cc \u062c\u0627\u0628\u0631 \u0628\u0646 \u062d\u06cc\u0627\u0646", "type": "industrial", "pollutionScore": 40}, "geometry": {"type": "MultiPolygon", "coordinates": [[[[51.2782594, 35.703434], [51.2792473, 35.7032475], [51.2803936, 35.7074867], [51.2793983, 35.7076642], [51.2791895, 35.7068127], [51.2782594, 35.703434]]]]}}, {"type": "Feature", "properties": {"id": 205, "name": "\u062f\u0628\u06cc\u0631\u062e\u0627\u0646\u0647 \u0634\u0648\u0631\u0627\u06cc \u0639\u0627\u0644\u06cc \u0645\u0646\u0627\u0637\u0642 \u0622\u0632\u0627\u062f \u062a\u062c\u0627\u0631\u06cc-\u0635\u0646\u0639\u062a\u06cc \u0648 \u0648\u06cc\u0698\u0647 \u0627\u0642\u062a\u0635\u0627\u062f\u06cc", "type": "industrial", "pollutionScore": 31}, "geometry": {"type": "MultiPolygon", "coordinates": [[[[51.4157446, 35.7717256], [51.4158566, 35.7717101], [51.4159144, 35.7719509], [51.4157958, 35.771964], [51.4157446, 35.7717256]]]]}}, {"type": "Feature", "properties": {"id": 206, "name": "Industrial Area", "type": "industrial", "pollutionScore": 47}, "geometry": {"type": "MultiPolygon", "coordinates": [[[[51.5307891, 35.727373], [51.5310017, 35.725367], [51.5319753, 35.7254145], [51.5319075, 35.7261524], [51.5317781, 35.7261449], [51.5316389, 35.7274279], [51.5313873, 35.7274147], [51.5307891, 35.727373]]]]}}, {"type": "Feature", "properties": {"id": 207, "name": "\u0628\u0627\u0632\u0627\u0631 \u0633\u0646\u06af \u0631\u0648\u0634\u0646", "type": "industrial", "pollutionScore": 50}, "geometry": {"type": "MultiPolygon", "coordinates": [[[[51.4400577, 35.6328727], [51.4406533, 35.6306087], [51.4415111, 35.630781], [51.4409989, 35.6329269], [51.4408583, 35.6330663], [51.4400577, 35.6328727]]]]}}, {"type": "Feature", "properties": {"id": 208, "name": "\u0627\u0646\u0628\u0627\u0631 \u062f\u0627\u0631\u0648\u06cc\u06cc \u0648\u0632\u0627\u0631\u062a \u0628\u0647\u062f\u0627\u0634\u062a \u06cc\u0627\u062e\u0686\u06cc \u0622\u0628\u0627\u062f", "type": "industrial", "pollutionScore": 30}, "geometry": {"type": "MultiPolygon", "coordinates": [[[[51.3955094, 35.6289696], [51.3963713, 35.627671], [51.3987903, 35.6287879], [51.3979447, 35.6300733], [51.3978349, 35.6300998], [51.3955542, 35.6290589], [51.3955094, 35.6289696]]]]}}, {"type": "Feature", "properties": {"id": 209, "name": "Industrial Area", "type": "industrial", "pollutionScore": 42}, "geometry": {"type": "MultiPolygon", "coordinates": [[[[51.4078974, 35.6171991], [51.4083504, 35.6165719], [51.4091662, 35.6153293], [51.4094687, 35.6153846], [51.4100897, 35.6158069], [51.4094936, 35.617576], [51.4078974, 35.6171991]]]]}}, {"type": "Feature", "properties": {"id": 210, "name": "Industrial Area", "type": "industrial", "pollutionScore": 32}, "geometry": {"type": "MultiPolygon", "coordinates": [[[[51.4050979, 35.6196935], [51.4052961, 35.619567], [51.4054412, 35.6194663], [51.4056076, 35.6195957], [51.4058836, 35.6193483], [51.4060358, 35.6194432], [51.406687, 35.6188103], [51.4064004, 35.6185226], [51.407855, 35.6173056], [51.4094476, 35.61774], [51.4089415, 35.6192361], [51.4086124, 35.6201798], [51.4082266, 35.621391], [51.4079788, 35.6220814], [51.407901, 35.6220728], [51.4055403, 35.6204416], [51.405197, 35.6200273], [51.4050979, 35.6196935]]]]}}, {"type": "Feature", "properties": {"id": 211, "name": "Industrial Area", "type": "industrial", "pollutionScore": 45}, "geometry": {"type": "MultiPolygon", "coordinates": [[[[51.4289251, 35.6431116], [51.4295378, 35.6430921], [51.4295478, 35.6432983], [51.4289351, 35.6433179], [51.4289251, 35.6431116]]]]}}, {"type": "Feature", "properties": {"id": 212, "name": "Industrial Area", "type": "industrial", "pollutionScore": 45}, "geometry": {"type": "MultiPolygon", "coordinates": [[[[51.4288959, 35.6424764], [51.4295085, 35.6424569], [51.4295185, 35.642663], [51.4289058, 35.6426826], [51.4288959, 35.6424764]]]]}}, {"type": "Feature", "properties": {"id": 213, "name": "Industrial Area", "type": "industrial", "pollutionScore": 46}, "geometry": {"type": "MultiPolygon", "coordinates": [[[[51.4288656, 35.6418228], [51.4294783, 35.6418033], [51.4294882, 35.6420095], [51.4288756, 35.6420291], [51.4288656, 35.6418228]]]]}}, {"type": "Feature", "properties": {"id": 214, "name": "Industrial Area", "type": "industrial", "pollutionScore": 30}, "geometry": {"type": "MultiPolygon", "coordinates": [[[[51.2824831, 35.6768381], [51.28608, 35.6767814], [51.2903675, 35.676656], [51.2903889, 35.6769931], [51.2911302, 35.6769747], [51.2911189, 35.6765589], [51.2937928, 35.6765413], [51.2961149, 35.6764851], [51.2980374, 35.6764532], [51.3023593, 35.6762712], [51.3041983, 35.6761191], [51.3061992, 35.676045], [51.3091389, 35.6758968], [51.3092534, 35.6759188], [51.3094626, 35.6787643], [51.3074348, 35.6794876], [51.3058738, 35.6808995], [51.3032998, 35.6815926], [51.3016838, 35.6821465], [51.300216, 35.6819238], [51.2992893, 35.6817853], [51.2992671, 35.6820502], [51.2983997, 35.6821104], [51.2983964, 35.6818936], [51.2983696, 35.6816321], [51.2975649, 35.6815275], [51.2958644, 35.6812705], [51.2928711, 35.6808173], [51.291369, 35.6805907], [51.29131, 35.6809131], [51.2904893, 35.6809611], [51.290441, 35.6804731], [51.2898134, 35.6803598], [51.2895934, 35.6803728], [51.2862085, 35.6813707], [51.2851892, 35.6816583], [51.2839018, 35.6820722], [51.2828104, 35.6824374], [51.2824831, 35.6768381]]]]}}, {"type": "Feature", "properties": {"id": 215, "name": "Industrial Area", "type": "industrial", "pollutionScore": 47}, "geometry": {"type": "MultiPolygon", "coordinates": [[[[51.3528593, 35.7247005], [51.353254, 35.7239328], [51.3535328, 35.7240272], [51.3531382, 35.724795], [51.3528593, 35.7247005]]]]}}, {"type": "Feature", "properties": {"id": 216, "name": "Industrial Area", "type": "industrial", "pollutionScore": 50}, "geometry": {"type": "MultiPolygon", "coordinates": [[[[51.3534492, 35.7242292], [51.3535041, 35.7241159], [51.3535968, 35.7241455], [51.3535418, 35.7242588], [51.3534492, 35.7242292]]]]}}, {"type": "Feature", "properties": {"id": 217, "name": "Industrial Area", "type": "industrial", "pollutionScore": 36}, "geometry": {"type": "MultiPolygon", "coordinates": [[[[51.2798238, 35.621024], [51.2802557, 35.6188028], [51.2813128, 35.6189337], [51.2809093, 35.6211892], [51.2798238, 35.621024]]]]}}, {"type": "Feature", "properties": {"id": 218, "name": "Industrial Area", "type": "industrial", "pollutionScore": 31}, "geometry": {"type": "MultiPolygon", "coordinates": [[[[51.2867245, 35.6174483], [51.289931, 35.6168432], [51.2966495, 35.615514], [51.2971202, 35.6169629], [51.2975148, 35.6169153], [51.2989619, 35.6171827], [51.2992396, 35.617658], [51.3000873, 35.6175035], [51.3005544, 35.6168222], [51.3014818, 35.6160079], [51.3016159, 35.6155807], [51.3031892, 35.6152867], [51.3027051, 35.613714], [51.3074009, 35.6126819], [51.3096282, 35.6140832], [51.3120826, 35.6156712], [51.3118111, 35.6159115], [51.3091084, 35.6153494], [51.3089564, 35.6157028], [51.3080901, 35.6177454], [51.3007807, 35.6191936], [51.3010035, 35.6199376], [51.3018852, 35.6229691], [51.3024406, 35.6229156], [51.3026361, 35.6236777], [51.3020383, 35.6237601], [51.3025686, 35.6256256], [51.3009823, 35.6259548], [51.3005443, 35.6242275], [51.2993662, 35.6244346], [51.2990129, 35.6243273], [51.2966207, 35.6247307], [51.2950938, 35.6257546], [51.2941776, 35.624741], [51.2926507, 35.6235309], [51.2917091, 35.6231688], [51.288388, 35.622962], [51.2870265, 35.6200968], [51.2868645, 35.6188034], [51.2867245, 35.6174483]]]]}}, {"type": "Feature", "properties": {"id": 219, "name": "\u0627\u0646\u0628\u0627\u0631\u0647\u0627 \u0648 \u067e\u0627\u0631\u06a9\u06cc\u0646\u06af \u0645\u062d\u0635\u0648\u0644\u0627\u062a \u0627\u06cc\u0631\u0627\u0646 \u062e\u0648\u062f\u0631\u0648 \u062f\u06cc\u0632\u0644", "type": "industrial", "pollutionScore": 35}, "geometry": {"type": "MultiPolygon", "coordinates": [[[[51.3079097, 35.6186009], [51.3085355, 35.6179256], [51.3110556, 35.6164758], [51.3115652, 35.6164397], [51.3117479, 35.6162776], [51.3133763, 35.616863], [51.3141019, 35.6171331], [51.3142237, 35.6172952], [51.3120526, 35.6221578], [51.3115541, 35.6233193], [51.3105128, 35.6232023], [51.310175, 35.6230672], [51.309898, 35.6223739], [51.3098536, 35.6223545], [51.3093109, 35.6221172], [51.3089676, 35.6215139], [51.3083638, 35.6212078], [51.3084248, 35.6205144], [51.3082752, 35.6205369], [51.3081146, 35.6194384], [51.3080094, 35.6193348], [51.3080592, 35.618682], [51.3079097, 35.6186009]]]]}}, {"type": "Feature", "properties": {"id": 220, "name": "\u062a\u0635\u0641\u06cc\u0647\u200c\u062e\u0627\u0646\u0647 \u0641\u0627\u0636\u0644\u0627\u0628 \u0635\u0627\u062d\u0628\u0642\u0631\u0627\u0646\u06cc\u0647", "type": "industrial", "pollutionScore": 31}, "geometry": {"type": "MultiPolygon", "coordinates": [[[[51.4747158, 35.8020951], [51.4753623, 35.8020877], [51.4753838, 35.8024605], [51.4755125, 35.8024555], [51.4755155, 35.8025847], [51.4752214, 35.8025897], [51.4752244, 35.8027537], [51.4747219, 35.8027494], [51.4747679, 35.802448], [51.4747219, 35.802448], [51.4747158, 35.8020951]]]]}}, {"type": "Feature", "properties": {"id": 221, "name": "Industrial Area", "type": "industrial", "pollutionScore": 34}, "geometry": {"type": "MultiPolygon", "coordinates": [[[[51.5446323, 35.7839037], [51.5451202, 35.7829077], [51.5462748, 35.7826307], [51.5471123, 35.7831979], [51.5481693, 35.784161], [51.5485271, 35.7847084], [51.5486002, 35.785777], [51.548462, 35.7866344], [51.5478034, 35.7859023], [51.546909, 35.7863178], [51.5457788, 35.7852163], [51.5446323, 35.7839037]]]]}}, {"type": "Feature", "properties": {"id": 222, "name": "\u0635\u0646\u0627\u06cc\u0639 \u0628\u062a\u0646\u06cc \u0632\u0627\u06af\u0631\u0633", "type": "industrial", "pollutionScore": 36}, "geometry": {"type": "MultiPolygon", "coordinates": [[[[51.538727, 35.7777311], [51.5399038, 35.7775833], [51.5402167, 35.7772348], [51.5403381, 35.777303], [51.5402961, 35.7773522], [51.5416037, 35.7781251], [51.5417811, 35.778288], [51.5419633, 35.7785116], [51.5419679, 35.7786214], [51.5394601, 35.779239], [51.538727, 35.7777311]]]]}}, {"type": "Feature", "properties": {"id": 223, "name": "\u0628\u062a\u0646 \u0633\u0628\u062d\u0627\u0646", "type": "industrial", "pollutionScore": 34}, "geometry": {"type": "MultiPolygon", "coordinates": [[[[51.5405436, 35.77714], [51.5405809, 35.7770643], [51.5411507, 35.7767384], [51.5411927, 35.7767574], [51.5413748, 35.7766361], [51.5412581, 35.7765263], [51.5413515, 35.7764467], [51.5414729, 35.7764277], [51.5417204, 35.7767763], [51.5422388, 35.7774772], [51.5426217, 35.7777841], [51.5431121, 35.7782804], [51.5424443, 35.7787465], [51.5421127, 35.7780796], [51.5405436, 35.77714]]]]}}, {"type": "Feature", "properties": {"id": 224, "name": "Industrial Area", "type": "industrial", "pollutionScore": 46}, "geometry": {"type": "MultiPolygon", "coordinates": [[[[51.5427245, 35.7786934], [51.5431448, 35.7783259], [51.5445551, 35.7795875], [51.5442049, 35.7798527], [51.5427245, 35.7786934]]]]}}, {"type": "Feature", "properties": {"id": 225, "name": "\u0628\u062a\u0646 \u067e\u0627\u0631\u0633 \u06f3\u06f2\u06f1", "type": "industrial", "pollutionScore": 42}, "geometry": {"type": "MultiPolygon", "coordinates": [[[[51.5383125, 35.7931666], [51.5384727, 35.7927417], [51.5389225, 35.7926117], [51.5413196, 35.7928767], [51.5410053, 35.7933115], [51.5384357, 35.7936914], [51.5383125, 35.7931666]]]]}}, {"type": "Feature", "properties": {"id": 226, "name": "Industrial Area", "type": "industrial", "pollutionScore": 43}, "geometry": {"type": "MultiPolygon", "coordinates": [[[[51.5442168, 35.7952903], [51.5444783, 35.7950555], [51.5449033, 35.7951426], [51.5453283, 35.7954115], [51.5455945, 35.7959002], [51.5444083, 35.7958964], [51.5442168, 35.7952903]]]]}}, {"type": "Feature", "properties": {"id": 227, "name": "Industrial Area", "type": "industrial", "pollutionScore": 47}, "geometry": {"type": "MultiPolygon", "coordinates": [[[[51.3525139, 35.7257316], [51.3527836, 35.7252263], [51.3541027, 35.725657], [51.3539901, 35.7262538], [51.3525139, 35.7257316]]]]}}, {"type": "Feature", "properties": {"id": 228, "name": "Industrial Area", "type": "industrial", "pollutionScore": 45}, "geometry": {"type": "MultiPolygon", "coordinates": [[[[51.2790639, 35.6760596], [51.2813483, 35.6758949], [51.2835922, 35.6757577], [51.2875123, 35.6753733], [51.2914729, 35.6747474], [51.2947239, 35.6741599], [51.2957125, 35.6740199], [51.2997151, 35.6733533], [51.2997223, 35.673446], [51.299858, 35.6756626], [51.295954, 35.6757961], [51.2921353, 35.6759279], [51.2875326, 35.6761145], [51.2831935, 35.6762682], [51.2791143, 35.67628], [51.2790639, 35.6760596]]]]}}, {"type": "Feature", "properties": {"id": 229, "name": "\u062a\u0635\u0641\u06cc\u0647 \u062e\u0627\u0646\u0647 \u067e\u0646\u062c\u0645", "type": "industrial", "pollutionScore": 49}, "geometry": {"type": "MultiPolygon", "coordinates": [[[[51.5299896, 35.7931775], [51.5303941, 35.7926905], [51.5317097, 35.7924557], [51.5318928, 35.7925731], [51.53257, 35.7950318], [51.5312953, 35.7955813], [51.5310807, 35.7955682], [51.5302961, 35.7939752], [51.5299896, 35.7931775]]]]}}, {"type": "Feature", "properties": {"id": 230, "name": "\u0628\u06cc\u0633\u06a9\u0648\u06cc\u062a \u0633\u0644\u0627\u0645\u062a \u060c \u062f\u0641\u062a\u0631 \u0648 \u0627\u0646\u0628\u0627\u0631 \u062a\u0647\u0631\u0627\u0646", "type": "industrial", "pollutionScore": 36}, "geometry": {"type": "MultiPolygon", "coordinates": [[[[51.2931688, 35.6792194], [51.2937527, 35.6791906], [51.2937598, 35.6795126], [51.2931829, 35.6795155], [51.2931688, 35.6792194]]]]}}, {"type": "Feature", "properties": {"id": 231, "name": "Industrial Area", "type": "industrial", "pollutionScore": 37}, "geometry": {"type": "MultiPolygon", "coordinates": [[[[51.3410726, 35.7401909], [51.3414478, 35.7392194], [51.3415822, 35.7388716], [51.3414534, 35.7385363], [51.3418933, 35.7374739], [51.341947, 35.7368251], [51.3420435, 35.7358105], [51.3432759, 35.7355495], [51.3435348, 35.7356856], [51.3435378, 35.7358002], [51.3438406, 35.7363983], [51.3439157, 35.7368294], [51.343685, 35.7374085], [51.3435509, 35.7388716], [51.3430091, 35.7393244], [51.3427141, 35.7399079], [51.3426497, 35.7402257], [51.3410726, 35.7401909]]]]}}, {"type": "Feature", "properties": {"id": 232, "name": "Industrial Area", "type": "industrial", "pollutionScore": 42}, "geometry": {"type": "MultiPolygon", "coordinates": [[[[51.3295581, 35.7153176], [51.329593, 35.7151869], [51.3297164, 35.715004], [51.3300409, 35.7148189], [51.3303526, 35.7146406], [51.3304499, 35.7142682], [51.3305531, 35.7142238], [51.3306296, 35.7144483], [51.3316006, 35.714248], [51.3319063, 35.7151953], [51.334433, 35.714677], [51.3349936, 35.7163953], [51.3322121, 35.7169985], [51.3319212, 35.7164958], [51.3302072, 35.7167745], [51.3300383, 35.7164108], [51.3295581, 35.7153176]]]]}}, {"type": "Feature", "properties": {"id": 233, "name": "\u062f\u0627\u0645\u062f\u0627\u0631\u06cc", "type": "industrial", "pollutionScore": 37}, "geometry": {"type": "MultiPolygon", "coordinates": [[[[51.3185929, 35.6448059], [51.3192196, 35.6424618], [51.3196606, 35.6425723], [51.3196969, 35.6423478], [51.3200124, 35.6412844], [51.3203546, 35.6413422], [51.3207351, 35.6414097], [51.3218962, 35.6415291], [51.3214289, 35.6426758], [51.321798, 35.6428239], [51.3210365, 35.6442477], [51.3203642, 35.6452898], [51.3190461, 35.6455007], [51.3190414, 35.6449957], [51.3185929, 35.6448059]]]]}}, {"type": "Feature", "properties": {"id": 234, "name": "\u067e\u0633\u062a \u0628\u0631\u0642 \u0634\u0648\u0634", "type": "industrial", "pollutionScore": 44}, "geometry": {"type": "MultiPolygon", "coordinates": [[[[51.4283696, 35.6569197], [51.4285198, 35.6567257], [51.42891, 35.6565225], [51.4294759, 35.6572875], [51.4295188, 35.6572613], [51.429653, 35.6574727], [51.4298219, 35.6576035], [51.4300782, 35.6581488], [51.4294264, 35.6584343], [51.4283696, 35.6569197]]]]}}, {"type": "Feature", "properties": {"id": 235, "name": "Industrial Area", "type": "industrial", "pollutionScore": 45}, "geometry": {"type": "MultiPolygon", "coordinates": [[[[51.3514611, 35.7540996], [51.351472, 35.7540545], [51.3515308, 35.7538123], [51.3516533, 35.753619], [51.3516729, 35.7535881], [51.3517592, 35.7534998], [51.3518795, 35.7533769], [51.3519722, 35.7533229], [51.352145, 35.7532224], [51.3528451, 35.7530853], [51.3539789, 35.7529066], [51.3540467, 35.7528959], [51.3541272, 35.7529111], [51.3541701, 35.7529525], [51.3535318, 35.754638], [51.3534352, 35.7547287], [51.3517668, 35.7547809], [51.3515657, 35.7546612], [51.3514611, 35.7540996]]]]}}, {"type": "Feature", "properties": {"id": 236, "name": "Industrial Area", "type": "industrial", "pollutionScore": 40}, "geometry": {"type": "MultiPolygon", "coordinates": [[[[51.5388102, 35.7247265], [51.5388249, 35.7243215], [51.5392161, 35.7238887], [51.542043, 35.7233765], [51.5440923, 35.7229953], [51.5460144, 35.7227863], [51.5479229, 35.7227573], [51.5503219, 35.7235248], [51.5533541, 35.7250452], [51.5569749, 35.7250162], [51.559151, 35.7250235], [51.5621832, 35.7250597], [51.5646713, 35.7247701], [51.5655899, 35.7255375], [51.5681851, 35.7249583], [51.572234, 35.7243791], [51.5757043, 35.7240715], [51.5796361, 35.7240461], [51.5829269, 35.7242126], [51.5832248, 35.7248704], [51.5833021, 35.7248997], [51.5809316, 35.7274792], [51.5801081, 35.7283454], [51.5791451, 35.7294201], [51.5798432, 35.7304913], [51.5795327, 35.7310677], [51.5744671, 35.7366057], [51.5717381, 35.7397039], [51.5711852, 35.7395591], [51.5708143, 35.7400427], [51.5707911, 35.7400823], [51.5707578, 35.7401233], [51.5706885, 35.7402068], [51.5705969, 35.7401526], [51.5705053, 35.7400983], [51.569571, 35.7395447], [51.5707036, 35.7382924], [51.5687505, 35.7371124], [51.5707327, 35.734856], [51.5708803, 35.7345197], [51.5725359, 35.7325634], [51.5725383, 35.732518], [51.5722751, 35.732489], [51.5709875, 35.7320209], [51.5706871, 35.7319604], [51.5703727, 35.7319434], [51.5690455, 35.7334102], [51.5655043, 35.7370111], [51.5537412, 35.7303147], [51.5567555, 35.7269845], [51.5576741, 35.7265356], [51.5572371, 35.7259274], [51.5507982, 35.7254641], [51.5451262, 35.7251528], [51.5388102, 35.7247265]]]]}}, {"type": "Feature", "properties": {"id": 237, "name": "\u062a\u0635\u0641\u06cc\u0647\u200c\u062e\u0627\u0646\u0647 \u0641\u0627\u0636\u0644\u0627\u0628 \u0642\u06cc\u0637\u0631\u06cc\u0647", "type": "industrial", "pollutionScore": 43}, "geometry": {"type": "MultiPolygon", "coordinates": [[[[51.4394351, 35.7803126], [51.4394363, 35.7802729], [51.4395929, 35.7801275], [51.4396046, 35.7801163], [51.4396452, 35.780103], [51.4396781, 35.7801014], [51.4397387, 35.7801109], [51.4400046, 35.7802537], [51.4397852, 35.7805096], [51.4394351, 35.7803126]]]]}}, {"type": "Feature", "properties": {"id": 238, "name": "\u06a9\u0644\u06cc\u0646\u06cc\u06a9 \u0627\u062f\u0648\u06cc\u0647 \u0627\u0646\u0639\u06a9\u0627\u0633(\u0641\u0631\u0648\u0634\u06af\u0627\u0647 \u0645\u0631\u06a9\u0632\u06cc \u0627\u062f\u0648\u06cc\u0647 \u0627\u0646\u0639\u06a9\u0627\u0633)", "type": "industrial", "pollutionScore": 50}, "geometry": {"type": "MultiPolygon", "coordinates": [[[[51.4151645, 35.6658123], [51.4153647, 35.6657829], [51.4153767, 35.6658777], [51.4151927, 35.6659093], [51.4151645, 35.6658123]]]]}}, {"type": "Feature", "properties": {"id": 239, "name": "\u067e\u0698\u0648\u0647\u0634\u06a9\u062f\u0647 \u0639\u0644\u0648\u0645 \u0648 \u0641\u0646\u0627\u0648\u0631\u06cc \u0627\u0646\u0631\u0698\u06cc \u0634\u0631\u06cc\u0641", "type": "industrial", "pollutionScore": 44}, "geometry": {"type": "MultiPolygon", "coordinates": [[[[51.3469782, 35.711673], [51.346985, 35.7115892], [51.3470171, 35.7114378], [51.3470493, 35.7112495], [51.3471124, 35.7109783], [51.3471352, 35.7108324], [51.3473417, 35.7108553], [51.3473953, 35.7108585], [51.3474101, 35.7108553], [51.3474959, 35.7108618], [51.3475308, 35.7108705], [51.3477293, 35.7108792], [51.3477735, 35.7108868], [51.3479975, 35.7109064], [51.3480149, 35.7108999], [51.3480431, 35.7109043], [51.3479304, 35.7110306], [51.3479117, 35.7110458], [51.3475026, 35.7115086], [51.347229, 35.7118005], [51.3471512, 35.7117515], [51.3471338, 35.71177], [51.3469782, 35.711673]]]]}}, {"type": "Feature", "properties": {"id": 240, "name": "\u067e\u0698\u0648\u0647\u0634\u06af\u0627\u0647 \u0641\u0636\u0627\u06cc\u06cc \u0627\u06cc\u0631\u0627\u0646", "type": "industrial", "pollutionScore": 34}, "geometry": {"type": "MultiPolygon", "coordinates": [[[[51.3458611, 35.7119954], [51.345939, 35.711991], [51.3459318, 35.711622], [51.3459069, 35.7111693], [51.3458861, 35.7107678], [51.346242, 35.7107769], [51.3462487, 35.7109456], [51.3463721, 35.7109446], [51.3463667, 35.7107867], [51.3464002, 35.7107888], [51.3464069, 35.7110142], [51.3466363, 35.7110142], [51.3466296, 35.7112005], [51.3466135, 35.7112059], [51.3465853, 35.711207], [51.3465209, 35.7111994], [51.3465196, 35.7112037], [51.3465035, 35.7112048], [51.3462661, 35.711207], [51.3462768, 35.7115663], [51.3462728, 35.7115663], [51.3462742, 35.7115848], [51.3466188, 35.7116044], [51.3466188, 35.7115696], [51.3466524, 35.7115707], [51.3466524, 35.7115652], [51.3468267, 35.7115805], [51.346985, 35.7115892], [51.3469608, 35.7118941], [51.3469648, 35.7120683], [51.3466524, 35.712395], [51.3465813, 35.7124647], [51.3464177, 35.7125115], [51.3459349, 35.7124059], [51.3458852, 35.7123896], [51.3458611, 35.7119954]]]]}}, {"type": "Feature", "properties": {"id": 241, "name": "Industrial Area", "type": "industrial", "pollutionScore": 45}, "geometry": {"type": "MultiPolygon", "coordinates": [[[[51.2728632, 35.7752845], [51.2735564, 35.7756235], [51.2739743, 35.7765415], [51.2734137, 35.7767565], [51.2728632, 35.7752845]]]]}}, {"type": "Feature", "properties": {"id": 242, "name": "Industrial Area", "type": "industrial", "pollutionScore": 35}, "geometry": {"type": "MultiPolygon", "coordinates": [[[[51.2731181, 35.7751935], [51.2738483, 35.7749832], [51.2742873, 35.7745366], [51.2747574, 35.7751246], [51.2744534, 35.7753423], [51.2737398, 35.7755822], [51.2731181, 35.7751935]]]]}}, {"type": "Feature", "properties": {"id": 243, "name": "Industrial Area", "type": "industrial", "pollutionScore": 35}, "geometry": {"type": "MultiPolygon", "coordinates": [[[[51.2767306, 35.776806], [51.2776155, 35.7762653], [51.2779964, 35.7767242], [51.2778899, 35.7770105], [51.2767306, 35.776806]]]]}}, {"type": "Feature", "properties": {"id": 244, "name": "\u0627\u0646\u0628\u0627\u0631 \u0645\u0631\u06a9\u0632\u06cc", "type": "industrial", "pollutionScore": 44}, "geometry": {"type": "MultiPolygon", "coordinates": [[[[51.3502039, 35.7003591], [51.3503401, 35.7003618], [51.3503689, 35.7008552], [51.3502308, 35.700862], [51.3502039, 35.7003591]]]]}}, {"type": "Feature", "properties": {"id": 245, "name": "Industrial Area", "type": "industrial", "pollutionScore": 35}, "geometry": {"type": "MultiPolygon", "coordinates": [[[[51.3400321, 35.7015529], [51.3403516, 35.701317], [51.3407318, 35.7010848], [51.3408096, 35.7010216], [51.3408901, 35.7009759], [51.3410027, 35.7009497], [51.3410939, 35.7009737], [51.3411556, 35.7010369], [51.3412334, 35.7015966], [51.3412295, 35.7017547], [51.3412173, 35.7018689], [51.3411571, 35.7020551], [51.3410886, 35.7022109], [51.3408475, 35.702561], [51.3401059, 35.702623], [51.3401063, 35.702575], [51.3401088, 35.7023134], [51.3400965, 35.7022261], [51.3401148, 35.7020018], [51.3401023, 35.7019234], [51.340062, 35.7018625], [51.3400603, 35.7018454], [51.3400321, 35.7015529]]]]}}, {"type": "Feature", "properties": {"id": 246, "name": "Sadid Industrial group", "type": "industrial", "pollutionScore": 40}, "geometry": {"type": "MultiPolygon", "coordinates": [[[[51.4319958, 35.760391], [51.4322229, 35.7603585], [51.4322788, 35.760615], [51.4320534, 35.7606473], [51.4319958, 35.760391]]]]}}, {"type": "Feature", "properties": {"id": 247, "name": "Industrial Area", "type": "industrial", "pollutionScore": 32}, "geometry": {"type": "MultiPolygon", "coordinates": [[[[51.3749709, 35.7793817], [51.3753598, 35.7794872], [51.3752606, 35.7797385], [51.3750541, 35.7796896], [51.3750795, 35.7796058], [51.3749709, 35.7793817]]]]}}, {"type": "Feature", "properties": {"id": 248, "name": "\u0634\u0631\u06a9\u062a \u0635\u0646\u0627\u06cc\u0639 \u0627\u0644\u06a9\u062a\u0631\u0648\u0646\u06cc\u06a9 \u0635\u0646\u0627\u0641", "type": "industrial", "pollutionScore": 32}, "geometry": {"type": "MultiPolygon", "coordinates": [[[[51.3075659, 35.6678698], [51.3078382, 35.6678626], [51.3078548, 35.6682798], [51.3075826, 35.668287], [51.3075659, 35.6678698]]]]}}, {"type": "Feature", "properties": {"id": 249, "name": "\u06a9\u0627\u0631\u062e\u0627\u0646\u0647 \u0622\u0631\u062f \u0645\u0631\u0634\u062f\u06cc", "type": "industrial", "pollutionScore": 32}, "geometry": {"type": "MultiPolygon", "coordinates": [[[[51.3432019, 35.6771548], [51.3439254, 35.6761719], [51.3445982, 35.6764987], [51.34462, 35.6765737], [51.3442906, 35.6770189], [51.3442384, 35.6770894], [51.3440339, 35.6773659], [51.3439568, 35.6774701], [51.3438764, 35.6774824], [51.3432019, 35.6771548]]]]}}, {"type": "Feature", "properties": {"id": 250, "name": "Industrial Area", "type": "industrial", "pollutionScore": 49}, "geometry": {"type": "MultiPolygon", "coordinates": [[[[51.3038112, 35.6356438], [51.3046864, 35.6336732], [51.3056536, 35.6347184], [51.3038112, 35.6356438]]]]}}, {"type": "Feature", "properties": {"id": 251, "name": "Industrial Area", "type": "industrial", "pollutionScore": 36}, "geometry": {"type": "MultiPolygon", "coordinates": [[[[51.3424585, 35.663097], [51.34256, 35.6626883], [51.3428899, 35.6627351], [51.3438226, 35.6628675], [51.3437234, 35.6631901], [51.3432546, 35.6631556], [51.3428361, 35.6631248], [51.3424585, 35.663097]]]]}}, {"type": "Feature", "properties": {"id": 252, "name": "Industrial Area", "type": "industrial", "pollutionScore": 35}, "geometry": {"type": "MultiPolygon", "coordinates": [[[[51.5272974, 35.7243385], [51.5307314, 35.7246175], [51.538222, 35.7252259], [51.5381071, 35.7264522], [51.5380075, 35.7273645], [51.5379737, 35.7276964], [51.5357467, 35.7274715], [51.5357805, 35.726942], [51.5348038, 35.7268954], [51.5342866, 35.7267976], [51.5344015, 35.7276316], [51.5351213, 35.7288633], [51.5339216, 35.7290087], [51.5315594, 35.7278099], [51.5291734, 35.7265992], [51.5289976, 35.7264318], [51.5287898, 35.7257648], [51.5287337, 35.7256856], [51.5281582, 35.7254359], [51.5281107, 35.725417], [51.5277503, 35.725274], [51.5273447, 35.7252768], [51.5272974, 35.7243385]]]]}}, {"type": "Feature", "properties": {"id": 253, "name": "Industrial Area", "type": "industrial", "pollutionScore": 50}, "geometry": {"type": "MultiPolygon", "coordinates": [[[[51.5315229, 35.7241682], [51.5316074, 35.7234549], [51.5321481, 35.7234714], [51.5320602, 35.7242533], [51.5315635, 35.7242121], [51.5315229, 35.7241682]]]]}}, {"type": "Feature", "properties": {"id": 254, "name": "\u0627\u0646\u0628\u0627\u0631", "type": "industrial", "pollutionScore": 41}, "geometry": {"type": "MultiPolygon", "coordinates": [[[[51.5094498, 35.6510635], [51.5094873, 35.6466215], [51.5096536, 35.6466346], [51.5104046, 35.6471054], [51.5103778, 35.6510983], [51.5094498, 35.6510635]]]]}}, {"type": "Feature", "properties": {"id": 255, "name": "Industrial Area", "type": "industrial", "pollutionScore": 33}, "geometry": {"type": "MultiPolygon", "coordinates": [[[[51.513071, 35.6521795], [51.5130871, 35.6498648], [51.5136182, 35.6498648], [51.5140205, 35.650802], [51.5139991, 35.6521751], [51.513071, 35.6521795]]]]}}, {"type": "Feature", "properties": {"id": 256, "name": "Industrial Area", "type": "industrial", "pollutionScore": 40}, "geometry": {"type": "MultiPolygon", "coordinates": [[[[51.5107039, 35.6478137], [51.5115461, 35.6478399], [51.5128336, 35.6486681], [51.5128926, 35.6495269], [51.5107147, 35.6495138], [51.5107039, 35.6478137]]]]}}, {"type": "Feature", "properties": {"id": 257, "name": "Industrial Area", "type": "industrial", "pollutionScore": 47}, "geometry": {"type": "MultiPolygon", "coordinates": [[[[51.5152409, 35.6605487], [51.5163629, 35.6605267], [51.5164405, 35.6615572], [51.5152999, 35.661615], [51.5152409, 35.6605487]]]]}}, {"type": "Feature", "properties": {"id": 258, "name": "Industrial Area", "type": "industrial", "pollutionScore": 44}, "geometry": {"type": "MultiPolygon", "coordinates": [[[[51.5041409, 35.6405159], [51.5062276, 35.6401759], [51.5062974, 35.644082], [51.506233, 35.6441081], [51.5060954, 35.6440356], [51.5046612, 35.6432799], [51.5045271, 35.6431447], [51.5043846, 35.6421746], [51.5041409, 35.6405159]]]]}}, {"type": "Feature", "properties": {"id": 259, "name": "Industrial Area", "type": "industrial", "pollutionScore": 31}, "geometry": {"type": "MultiPolygon", "coordinates": [[[[51.5074549, 35.6448545], [51.5074971, 35.6441028], [51.5086912, 35.6439525], [51.5098046, 35.6444843], [51.5113208, 35.6459756], [51.51101, 35.6471439], [51.5095046, 35.6461414], [51.509407, 35.6460965], [51.5085895, 35.6455944], [51.5074549, 35.6448545]]]]}}, {"type": "Feature", "properties": {"id": 260, "name": "Industrial Area", "type": "industrial", "pollutionScore": 36}, "geometry": {"type": "MultiPolygon", "coordinates": [[[[51.5094438, 35.6522069], [51.5094498, 35.6510635], [51.5103778, 35.6510983], [51.5103908, 35.6521938], [51.5094438, 35.6522069]]]]}}, {"type": "Feature", "properties": {"id": 261, "name": "\u062a\u0648\u0644\u06cc\u062f\u06cc \u062d\u0628\u06cc\u0628\u06cc \u067e\u0648\u0631", "type": "industrial", "pollutionScore": 34}, "geometry": {"type": "MultiPolygon", "coordinates": [[[[51.3291335, 35.6386901], [51.3291509, 35.6385779], [51.329218, 35.6385866], [51.3291979, 35.6386934], [51.3291335, 35.6386901]]]]}}, {"type": "Feature", "properties": {"id": 262, "name": "Industrial Area", "type": "industrial", "pollutionScore": 31}, "geometry": {"type": "MultiPolygon", "coordinates": [[[[51.3426518, 35.6610642], [51.3427076, 35.6608725], [51.3427356, 35.6607732], [51.3429952, 35.6598766], [51.3435263, 35.6599788], [51.3435077, 35.6600425], [51.3447061, 35.6602733], [51.3447247, 35.6602095], [51.3448969, 35.6602427], [51.3447922, 35.6605783], [51.3447743, 35.6606086], [51.3444409, 35.6611732], [51.3443202, 35.6612626], [51.3439983, 35.6612996], [51.3426518, 35.6610642]]]]}}, {"type": "Feature", "properties": {"id": 263, "name": "Industrial Area", "type": "industrial", "pollutionScore": 36}, "geometry": {"type": "MultiPolygon", "coordinates": [[[[51.3351956, 35.6603023], [51.3361056, 35.6547768], [51.3370282, 35.654979], [51.336156, 35.6603185], [51.3360746, 35.6603171], [51.3351956, 35.6603023]]]]}}, {"type": "Feature", "properties": {"id": 264, "name": "Industrial Area", "type": "industrial", "pollutionScore": 30}, "geometry": {"type": "MultiPolygon", "coordinates": [[[[51.3338596, 35.6614696], [51.3340151, 35.6606022], [51.3348571, 35.6606174], [51.3347444, 35.6614891], [51.3338596, 35.6614696]]]]}}, {"type": "Feature", "properties": {"id": 265, "name": "Industrial Area", "type": "industrial", "pollutionScore": 30}, "geometry": {"type": "MultiPolygon", "coordinates": [[[[51.3323106, 35.6597251], [51.3324231, 35.6595437], [51.3327304, 35.6590484], [51.3329664, 35.6591], [51.3326022, 35.659745], [51.3325487, 35.6598389], [51.3323106, 35.6597251]]]]}}, {"type": "Feature", "properties": {"id": 266, "name": "Industrial Area", "type": "industrial", "pollutionScore": 46}, "geometry": {"type": "MultiPolygon", "coordinates": [[[[51.3325487, 35.6598389], [51.3326022, 35.659745], [51.3329664, 35.6591], [51.333189, 35.6591487], [51.3328424, 35.6598389], [51.3327855, 35.6599521], [51.3325487, 35.6598389]]]]}}, {"type": "Feature", "properties": {"id": 267, "name": "Industrial Area", "type": "industrial", "pollutionScore": 43}, "geometry": {"type": "MultiPolygon", "coordinates": [[[[51.3411805, 35.6615126], [51.3412791, 35.6611695], [51.3413294, 35.6611441], [51.3421878, 35.6612974], [51.3419675, 35.6619695], [51.3419281, 35.6621049], [51.3412209, 35.661973], [51.3413443, 35.6615437], [51.3411805, 35.6615126]]]]}}, {"type": "Feature", "properties": {"id": 268, "name": "Industrial Area", "type": "industrial", "pollutionScore": 40}, "geometry": {"type": "MultiPolygon", "coordinates": [[[[51.3419281, 35.6621049], [51.3419675, 35.6619695], [51.3421878, 35.6612974], [51.342324, 35.6613233], [51.3424923, 35.6613552], [51.3424562, 35.6614546], [51.3422751, 35.6619547], [51.3422417, 35.6620222], [51.3422022, 35.6621577], [51.3419281, 35.6621049]]]]}}, {"type": "Feature", "properties": {"id": 269, "name": "\u062a\u0635\u0641\u06cc\u0647\u200c\u062e\u0627\u0646\u0647 \u0641\u0627\u0636\u0644\u0627\u0628 \u0632\u0631\u06af\u0646\u062f\u0647", "type": "industrial", "pollutionScore": 36}, "geometry": {"type": "MultiPolygon", "coordinates": [[[[51.4372061, 35.7664716], [51.4374888, 35.7664288], [51.4376063, 35.7669405], [51.4373237, 35.7669833], [51.4372061, 35.7664716]]]]}}, {"type": "Feature", "properties": {"id": 270, "name": "\u062f\u0641\u062a\u0631 \u0645\u0631\u06a9\u0632\u06cc \u06af\u0631\u0648\u0647 \u0635\u0646\u0639\u0646\u06cc \u0648\u06cc\u062a\u0627\u0646\u0627", "type": "industrial", "pollutionScore": 41}, "geometry": {"type": "MultiPolygon", "coordinates": [[[[51.4182036, 35.7280022], [51.4182051, 35.7277233], [51.41836, 35.7277239], [51.4183586, 35.7279779], [51.4183197, 35.728015], [51.4182438, 35.7280147], [51.4182439, 35.7280023], [51.4182036, 35.7280022]]]]}}, {"type": "Feature", "properties": {"id": 271, "name": "Industrial Area", "type": "industrial", "pollutionScore": 45}, "geometry": {"type": "MultiPolygon", "coordinates": [[[[51.3163446, 35.6088835], [51.3174124, 35.6058502], [51.3176634, 35.6053344], [51.3176828, 35.6052128], [51.3179531, 35.6042896], [51.3181053, 35.6025298], [51.3185614, 35.6022673], [51.3193741, 35.6024163], [51.3188591, 35.6054083], [51.3185105, 35.607637], [51.3183066, 35.6087361], [51.3182422, 35.60987], [51.3170191, 35.6097654], [51.3172502, 35.6090483], [51.3163446, 35.6088835]]]]}}, {"type": "Feature", "properties": {"id": 272, "name": "\u062f\u0641\u062a\u0631 \u0645\u0631\u06a9\u0632\u06cc \u0634\u0631\u06a9\u062a \u0633\u0627\u06cc\u067e\u0627 \u0644\u062c\u0633\u062a\u06cc\u06a9", "type": "industrial", "pollutionScore": 45}, "geometry": {"type": "MultiPolygon", "coordinates": [[[[51.289591, 35.6008493], [51.2943171, 35.5953308], [51.2950069, 35.5961029], [51.2907394, 35.6010443], [51.2904383, 35.6013929], [51.289591, 35.6008493]]]]}}, {"type": "Feature", "properties": {"id": 273, "name": "\u0634\u0631\u06a9\u062a \u0622\u0647\u0646 \u0648 \u0641\u0648\u0644\u0627\u062f \u0635\u0646\u06cc\u0639 \u06a9\u0627\u0648\u0647 \u062a\u0647\u0631\u0627\u0646", "type": "industrial", "pollutionScore": 35}, "geometry": {"type": "MultiPolygon", "coordinates": [[[[51.2907394, 35.6010443], [51.2950069, 35.5961029], [51.2956976, 35.5968609], [51.2915673, 35.6015335], [51.2913161, 35.6019455], [51.2911543, 35.6018763], [51.2910011, 35.6016893], [51.2908648, 35.6014331], [51.2907394, 35.6010443]]]]}}, {"type": "Feature", "properties": {"id": 274, "name": "\u0627\u0646\u0628\u0627\u0631 \u0648\u0632\u0627\u0631\u062a \u0628\u0627\u0632\u0631\u06af\u0627\u0646\u06cc", "type": "industrial", "pollutionScore": 46}, "geometry": {"type": "MultiPolygon", "coordinates": [[[[51.3004905, 35.6048334], [51.3025044, 35.6036044], [51.3030553, 35.6042312], [51.3010265, 35.6055218], [51.3006778, 35.6051622], [51.3004905, 35.6048334]]]]}}, {"type": "Feature", "properties": {"id": 275, "name": "\u0645\u0631\u06a9\u0632 \u0628\u0627\u0632\u06cc\u0627\u0641\u062a \u0645\u0644\u0627\u0635\u062f\u0631\u0627", "type": "industrial", "pollutionScore": 40}, "geometry": {"type": "MultiPolygon", "coordinates": [[[[51.3876165, 35.7567498], [51.3876422, 35.7566093], [51.3877162, 35.7564762], [51.3878717, 35.7563187], [51.3880849, 35.7562302], [51.3883438, 35.7561803], [51.390869, 35.7563098], [51.3907987, 35.7572154], [51.3876168, 35.7570173], [51.3876165, 35.7567498]]]]}}, {"type": "Feature", "properties": {"id": 276, "name": "Industrial Area", "type": "industrial", "pollutionScore": 31}, "geometry": {"type": "MultiPolygon", "coordinates": [[[[51.3663221, 35.615846], [51.3670337, 35.6154482], [51.370251, 35.6141164], [51.3717744, 35.6142893], [51.3716566, 35.6144996], [51.3681012, 35.6165692], [51.3663221, 35.615846]]]]}}, {"type": "Feature", "properties": {"id": 277, "name": "Industrial Area", "type": "industrial", "pollutionScore": 33}, "geometry": {"type": "MultiPolygon", "coordinates": [[[[51.4481849, 35.80464], [51.4481919, 35.8044629], [51.4482863, 35.8044686], [51.4482736, 35.8046377], [51.4481849, 35.80464]]]]}}, {"type": "Feature", "properties": {"id": 278, "name": "Industrial Area", "type": "industrial", "pollutionScore": 34}, "geometry": {"type": "MultiPolygon", "coordinates": [[[[51.4463127, 35.804613], [51.4463473, 35.8044044], [51.4465925, 35.8044544], [51.4465323, 35.8046764], [51.4463397, 35.8046459], [51.4463127, 35.804613]]]]}}, {"type": "Feature", "properties": {"id": 279, "name": "Industrial Area", "type": "industrial", "pollutionScore": 36}, "geometry": {"type": "MultiPolygon", "coordinates": [[[[51.4465644, 35.8046666], [51.4466168, 35.8044642], [51.4467345, 35.8044843], [51.4466821, 35.8046867], [51.4465644, 35.8046666]]]]}}, {"type": "Feature", "properties": {"id": 280, "name": "Industrial Area", "type": "industrial", "pollutionScore": 49}, "geometry": {"type": "MultiPolygon", "coordinates": [[[[51.4468711, 35.8047075], [51.446879, 35.8046718], [51.4468971, 35.8046744], [51.4469053, 35.8046374], [51.4468858, 35.8046276], [51.4469141, 35.8044986], [51.4470667, 35.8045207], [51.4470406, 35.8046393], [51.4470236, 35.8046368], [51.4470129, 35.8046854], [51.447042, 35.8046896], [51.4470329, 35.804731], [51.4468711, 35.8047075]]]]}}, {"type": "Feature", "properties": {"id": 281, "name": "Industrial Area", "type": "industrial", "pollutionScore": 47}, "geometry": {"type": "MultiPolygon", "coordinates": [[[[51.4008226, 35.6467896], [51.4023353, 35.6464934], [51.4021919, 35.6449258], [51.4040816, 35.6443586], [51.4044754, 35.6461413], [51.4043518, 35.6469409], [51.404263, 35.647031], [51.4037784, 35.6473424], [51.4032001, 35.6478807], [51.4028408, 35.6482431], [51.4027454, 35.6482228], [51.4023636, 35.648779], [51.4021727, 35.6489163], [51.401125, 35.6489977], [51.4008226, 35.6467896]]]]}}, {"type": "Feature", "properties": {"id": 282, "name": "\u062e\u062f\u0645\u0627\u062a \u067e\u0633 \u0627\u0632 \u0641\u0631\u0648\u0634 \u06a9\u0631\u0645\u0627\u0646 \u0645\u0648\u062a\u0648\u0631 \u06af\u0631\u0648\u0647 \u062e\u0648\u062f\u0631\u0648\u06cc\u06cc \u0633\u062a\u0648\u062f\u0647", "type": "industrial", "pollutionScore": 42}, "geometry": {"type": "MultiPolygon", "coordinates": [[[[51.3432237, 35.7130358], [51.3433392, 35.7125117], [51.3434779, 35.7125417], [51.3434563, 35.7126343], [51.3434486, 35.7127131], [51.343481, 35.7127193], [51.3434471, 35.7129595], [51.3434178, 35.7130771], [51.3432237, 35.7130358]]]]}}, {"type": "Feature", "properties": {"id": 283, "name": "\u0627\u0646\u0628\u0627\u0631 \u062f\u06cc\u062c\u06cc \u06a9\u0627\u0644\u0627", "type": "industrial", "pollutionScore": 50}, "geometry": {"type": "MultiPolygon", "coordinates": [[[[51.2941566, 35.6673042], [51.2952543, 35.6672718], [51.295301, 35.6681768], [51.2941789, 35.6682294], [51.2941566, 35.6673042]]]]}}, {"type": "Feature", "properties": {"id": 284, "name": "Industrial Area", "type": "industrial", "pollutionScore": 45}, "geometry": {"type": "MultiPolygon", "coordinates": [[[[51.3976613, 35.6414607], [51.3994909, 35.6412749], [51.3995746, 35.6413194], [51.3996873, 35.6424841], [51.3977243, 35.642698], [51.3976613, 35.6414607]]]]}}, {"type": "Feature", "properties": {"id": 285, "name": "Industrial Area", "type": "industrial", "pollutionScore": 36}, "geometry": {"type": "MultiPolygon", "coordinates": [[[[51.3174565, 35.6184752], [51.3174779, 35.6184534], [51.3175396, 35.6183792], [51.3176362, 35.6182462], [51.3176898, 35.6181176], [51.3177408, 35.618111], [51.3178963, 35.6181394], [51.3180224, 35.6181612], [51.3181297, 35.6181721], [51.3184328, 35.6181328], [51.3185723, 35.6181132], [51.3186715, 35.6181437], [51.3188779, 35.6182112], [51.3189183, 35.6182244], [51.3190121, 35.6182767], [51.3189719, 35.6185013], [51.3187895, 35.61892], [51.3186554, 35.6191991], [51.3186213, 35.6191706], [51.3174565, 35.6184752]]]]}}, {"type": "Feature", "properties": {"id": 286, "name": "\u0628\u0627\u0632\u0627\u0631\u06cc\u0627\u0628\u06cc \u0648 \u0641\u0631\u0648\u0634 \u0627\u06cc\u0631\u0627\u0646 \u062e\u0648\u062f\u0631\u0648 \u062f\u06cc\u0632\u0644", "type": "industrial", "pollutionScore": 46}, "geometry": {"type": "MultiPolygon", "coordinates": [[[[51.3174565, 35.6184752], [51.3174779, 35.6184534], [51.3175396, 35.6183792], [51.3176362, 35.6182462], [51.3176898, 35.6181176], [51.3177408, 35.618111], [51.3178963, 35.6181394], [51.3180224, 35.6181612], [51.3181297, 35.6181721], [51.3184328, 35.6181328], [51.3185723, 35.6181132], [51.3186715, 35.6181437], [51.3188779, 35.6182112], [51.3189183, 35.6182244], [51.3190121, 35.6182767], [51.3189719, 35.6185013], [51.3187895, 35.61892], [51.3186554, 35.6191991], [51.3186213, 35.6191706], [51.3174565, 35.6184752]]]]}}, {"type": "Feature", "properties": {"id": 287, "name": "Industrial Area", "type": "industrial", "pollutionScore": 38}, "geometry": {"type": "MultiPolygon", "coordinates": [[[[51.3919656, 35.739603], [51.3927411, 35.7394198], [51.3928896, 35.7398341], [51.392114, 35.7400172], [51.3919656, 35.739603]]]]}}, {"type": "Feature", "properties": {"id": 288, "name": "Industrial Area", "type": "industrial", "pollutionScore": 43}, "geometry": {"type": "MultiPolygon", "coordinates": [[[[51.3849289, 35.6738917], [51.3852465, 35.6730221], [51.3861147, 35.6732468], [51.385792, 35.674106], [51.3849289, 35.6738917]]]]}}, {"type": "Feature", "properties": {"id": 289, "name": "\u0646\u0645\u0627\u06cc\u0646\u062f\u06af\u06cc \u0645\u0627\u0645\u0648\u062a \u062e\u0648\u062f\u0631\u0648 ( \u0631\u0646\u0648) \u0627\u0633\u0644\u0627\u0645\u06cc \u06f2\u06f1\u06f5\u06f2", "type": "industrial", "pollutionScore": 41}, "geometry": {"type": "MultiPolygon", "coordinates": [[[[51.3430154, 35.712998], [51.3431106, 35.7124877], [51.3433392, 35.7125117], [51.3432237, 35.7130358], [51.3430154, 35.712998]]]]}}, {"type": "Feature", "properties": {"id": 290, "name": "\u0647\u0648\u0627\u06cc\u06cc \u0642\u062f\u0633", "type": "industrial", "pollutionScore": 44}, "geometry": {"type": "MultiPolygon", "coordinates": [[[[51.2752706, 35.7028528], [51.2752792, 35.7028181], [51.2753032, 35.7027987], [51.2753645, 35.7027651], [51.2754408, 35.7027388], [51.2755126, 35.7027204], [51.2755055, 35.70268], [51.2754787, 35.7026799], [51.275418, 35.7026786], [51.2754309, 35.7026322], [51.2753808, 35.7026214], [51.2754002, 35.702561], [51.2753934, 35.702554], [51.2754137, 35.7024915], [51.2754849, 35.7024593], [51.2755626, 35.7024617], [51.2755699, 35.702467], [51.2755823, 35.7024596], [51.2756382, 35.7025114], [51.2756329, 35.7025271], [51.2756877, 35.7025696], [51.2756335, 35.7025986], [51.2756622, 35.7026357], [51.2756374, 35.7026468], [51.2756205, 35.7026536], [51.275597, 35.7026618], [51.2756156, 35.702703], [51.2756991, 35.7026959], [51.2758205, 35.7027117], [51.2758486, 35.7027241], [51.2758654, 35.7027389], [51.2758734, 35.7027563], [51.2758712, 35.7027749], [51.2758366, 35.7027983], [51.2757715, 35.7028318], [51.2757216, 35.702856], [51.2756657, 35.7028722], [51.2756795, 35.7029079], [51.2755633, 35.7029292], [51.2755507, 35.7028954], [51.2754074, 35.7028979], [51.2753236, 35.7028912], [51.2752898, 35.7028791], [51.2752757, 35.7028672], [51.2752706, 35.7028528]]]]}}, {"type": "Feature", "properties": {"id": 291, "name": "Industrial Area", "type": "industrial", "pollutionScore": 43}, "geometry": {"type": "MultiPolygon", "coordinates": [[[[51.2805955, 35.7065452], [51.2814116, 35.7063928], [51.2815917, 35.7070289], [51.2807757, 35.7071813], [51.2805955, 35.7065452]]]]}}, {"type": "Feature", "properties": {"id": 292, "name": "Industrial Area", "type": "industrial", "pollutionScore": 38}, "geometry": {"type": "MultiPolygon", "coordinates": [[[[51.2815788, 35.7063106], [51.2828325, 35.7060884], [51.2828429, 35.7061271], [51.2829364, 35.7061105], [51.282924, 35.7060643], [51.2830399, 35.7060437], [51.2830553, 35.7061008], [51.2831652, 35.7060813], [51.2831483, 35.7060184], [51.2832739, 35.7059962], [51.2832438, 35.7058843], [51.2834335, 35.7058507], [51.2835689, 35.7063549], [51.2833879, 35.7063869], [51.283472, 35.7066999], [51.2817648, 35.7070025], [51.2815788, 35.7063106]]]]}}, {"type": "Feature", "properties": {"id": 293, "name": "Industrial Area", "type": "industrial", "pollutionScore": 43}, "geometry": {"type": "MultiPolygon", "coordinates": [[[[51.2822322, 35.7058954], [51.2829746, 35.7057505], [51.2830278, 35.7059299], [51.2822853, 35.706075], [51.2822322, 35.7058954]]]]}}, {"type": "Feature", "properties": {"id": 294, "name": "Industrial Area", "type": "industrial", "pollutionScore": 50}, "geometry": {"type": "MultiPolygon", "coordinates": [[[[51.2819136, 35.7053104], [51.2827885, 35.7051616], [51.2828712, 35.7054822], [51.2819964, 35.7056311], [51.2819136, 35.7053104]]]]}}, {"type": "Feature", "properties": {"id": 295, "name": "\u0634\u0631\u06a9\u062a \u0645\u0631\u0648\u0627\u0631\u06cc\u062f \u0627\u0631\u0633\u0628\u0627\u0631\u0627\u0646", "type": "industrial", "pollutionScore": 43}, "geometry": {"type": "MultiPolygon", "coordinates": [[[[51.4139446, 35.7535452], [51.4139674, 35.7533154], [51.4141022, 35.7533203], [51.4140835, 35.7535529], [51.4139446, 35.7535452]]]]}}, {"type": "Feature", "properties": {"id": 296, "name": "\u0627\u0646\u0628\u0627\u0631\u06cc", "type": "industrial", "pollutionScore": 41}, "geometry": {"type": "MultiPolygon", "coordinates": [[[[51.3610056, 35.6675107], [51.3610068, 35.6675004], [51.3610276, 35.6675017], [51.3611295, 35.6675084], [51.3611282, 35.6675186], [51.3610056, 35.6675107]]]]}}, {"type": "Feature", "properties": {"id": 297, "name": "\u0634\u0648\u0641\u0627\u0698\u062e\u0627\u0646\u0647", "type": "industrial", "pollutionScore": 50}, "geometry": {"type": "MultiPolygon", "coordinates": [[[[51.361034, 35.6678946], [51.3610382, 35.6678597], [51.36104, 35.6678444], [51.3611835, 35.6678534], [51.3611756, 35.6679045], [51.361034, 35.6678946]]]]}}, {"type": "Feature", "properties": {"id": 298, "name": "\u0627\u0646\u0628\u0627\u0631\u06cc \u0633\u0631\u0627\u06cc\u062f\u0627\u0631\u06cc", "type": "industrial", "pollutionScore": 45}, "geometry": {"type": "MultiPolygon", "coordinates": [[[[51.360963, 35.6678927], [51.3609694, 35.6678397], [51.3610207, 35.6678432], [51.3610155, 35.6678877], [51.3610145, 35.6678965], [51.360963, 35.6678927]]]]}}, {"type": "Feature", "properties": {"id": 299, "name": "\u0645\u062c\u062a\u0645\u0639 \u06a9\u0648\u0647 \u0627\u0641\u06a9\u0646", "type": "industrial", "pollutionScore": 40}, "geometry": {"type": "MultiPolygon", "coordinates": [[[[51.3197029, 35.6024931], [51.3198799, 35.6007702], [51.3230395, 35.6010101], [51.3229531, 35.6028223], [51.3197029, 35.6024931]]]]}}, {"type": "Feature", "properties": {"id": 300, "name": "\u0627\u0645\u0648\u0631 \u0628\u0631\u0642 \u0648 \u062a\u0627\u0633\u06cc\u0633\u0627\u062a \u0622\u0628\u0631\u0633\u0627\u0646\u06cc \u063a\u0631\u0628", "type": "industrial", "pollutionScore": 45}, "geometry": {"type": "MultiPolygon", "coordinates": [[[[51.2872092, 35.7426482], [51.2875136, 35.742585], [51.2874286, 35.7420909], [51.289354, 35.7417174], [51.2894318, 35.7420047], [51.2898848, 35.74193], [51.2899415, 35.7421138], [51.2904299, 35.7420162], [51.290713, 35.7431365], [51.2884196, 35.743688], [51.288271, 35.7433433], [51.2875348, 35.7434927], [51.2872092, 35.7426482]]]]}}, {"type": "Feature", "properties": {"id": 301, "name": "Industrial Area", "type": "industrial", "pollutionScore": 39}, "geometry": {"type": "MultiPolygon", "coordinates": [[[[51.2802755, 35.7059594], [51.2833827, 35.7053929], [51.2837636, 35.7068785], [51.2807667, 35.7074363], [51.2806919, 35.7073958], [51.2802755, 35.7059594]]]]}}, {"type": "Feature", "properties": {"id": 302, "name": "Industrial Area", "type": "industrial", "pollutionScore": 38}, "geometry": {"type": "MultiPolygon", "coordinates": [[[[51.2812365, 35.7028784], [51.2823007, 35.7026877], [51.2827029, 35.7029247], [51.2833827, 35.7053929], [51.2819661, 35.7056213], [51.2812365, 35.7028784]]]]}}, {"type": "Feature", "properties": {"id": 303, "name": "Industrial Area", "type": "industrial", "pollutionScore": 48}, "geometry": {"type": "MultiPolygon", "coordinates": [[[[51.2795743, 35.7033148], [51.2796384, 35.7031819], [51.2812365, 35.7028784], [51.2817597, 35.7049334], [51.280062, 35.70526], [51.2795743, 35.7033148]]]]}}, {"type": "Feature", "properties": {"id": 304, "name": "Industrial Area", "type": "industrial", "pollutionScore": 31}, "geometry": {"type": "MultiPolygon", "coordinates": [[[[51.2735179, 35.7065076], [51.2754864, 35.7061515], [51.2757229, 35.7070847], [51.2761838, 35.706996], [51.2762974, 35.7073636], [51.2764772, 35.707332], [51.276675, 35.7081189], [51.2741159, 35.7085799], [51.2736927, 35.70732], [51.2737091, 35.7072536], [51.2735179, 35.7065076]]]]}}, {"type": "Feature", "properties": {"id": 305, "name": "Industrial Area", "type": "industrial", "pollutionScore": 48}, "geometry": {"type": "MultiPolygon", "coordinates": [[[[51.2778388, 35.7070729], [51.2785114, 35.706937], [51.2787351, 35.7077865], [51.2780443, 35.7079004], [51.2778388, 35.7070729]]]]}}, {"type": "Feature", "properties": {"id": 306, "name": "Industrial Area", "type": "industrial", "pollutionScore": 50}, "geometry": {"type": "MultiPolygon", "coordinates": [[[[51.2771649, 35.7071918], [51.2778388, 35.7070729], [51.2780443, 35.7079004], [51.2773926, 35.7080245], [51.2771649, 35.7071918]]]]}}, {"type": "Feature", "properties": {"id": 307, "name": "\u0634\u0631\u06a9\u062a \u062e\u062f\u0645\u0627\u062a \u0647\u0648\u0627\u06cc\u06cc \u067e\u0627\u0631\u0633", "type": "industrial", "pollutionScore": 48}, "geometry": {"type": "MultiPolygon", "coordinates": [[[[51.2919775, 35.7002004], [51.2920618, 35.6977695], [51.2969083, 35.6969013], [51.298753, 35.6965146], [51.2986564, 35.6984402], [51.2987798, 35.6988933], [51.296677, 35.6993681], [51.2963361, 35.699175], [51.296194, 35.6992499], [51.2947356, 35.6995107], [51.2947811, 35.6996798], [51.2919775, 35.7002004]]]]}}, {"type": "Feature", "properties": {"id": 308, "name": "\u0635\u0646\u0627\u06cc\u0639 \u0641\u0644\u0632\u06cc \u0627\u06cc\u0631\u0627\u0646", "type": "industrial", "pollutionScore": 45}, "geometry": {"type": "MultiPolygon", "coordinates": [[[[51.2839109, 35.6663835], [51.2852146, 35.6663437], [51.285336, 35.6692309], [51.2840916, 35.669256], [51.2839109, 35.6663835]]]]}}, {"type": "Feature", "properties": {"id": 309, "name": "Industrial Area", "type": "industrial", "pollutionScore": 46}, "geometry": {"type": "MultiPolygon", "coordinates": [[[[51.2856092, 35.6706522], [51.285644, 35.6706042], [51.2867786, 35.6705694], [51.2869685, 35.6751153], [51.2858384, 35.6752481], [51.285644, 35.671417], [51.2856092, 35.6706522]]]]}}, {"type": "Feature", "properties": {"id": 310, "name": "Industrial Area", "type": "industrial", "pollutionScore": 49}, "geometry": {"type": "MultiPolygon", "coordinates": [[[[51.3107962, 35.6733402], [51.3122936, 35.6731925], [51.3123583, 35.6737356], [51.3123029, 35.6737982], [51.3108424, 35.6738958], [51.3107962, 35.6733402]]]]}}, {"type": "Feature", "properties": {"id": 311, "name": "Industrial Area", "type": "industrial", "pollutionScore": 49}, "geometry": {"type": "MultiPolygon", "coordinates": [[[[51.3107611, 35.6728936], [51.3122585, 35.6727885], [51.3122936, 35.6731925], [51.3107962, 35.6733402], [51.3107611, 35.6728936]]]]}}, {"type": "Feature", "properties": {"id": 312, "name": "Industrial Area", "type": "industrial", "pollutionScore": 31}, "geometry": {"type": "MultiPolygon", "coordinates": [[[[51.3190549, 35.6712588], [51.3216645, 35.6708183], [51.3219541, 35.6746403], [51.3193506, 35.6747704], [51.3190549, 35.6712588]]]]}}, {"type": "Feature", "properties": {"id": 313, "name": "Industrial Area", "type": "industrial", "pollutionScore": 46}, "geometry": {"type": "MultiPolygon", "coordinates": [[[[51.3147355, 35.6700434], [51.3147445, 35.6695376], [51.3156999, 35.66936], [51.3159125, 35.6700834], [51.3148742, 35.6702861], [51.3148064, 35.6700434], [51.3147355, 35.6700434]]]]}}, {"type": "Feature", "properties": {"id": 314, "name": "Industrial Area", "type": "industrial", "pollutionScore": 49}, "geometry": {"type": "MultiPolygon", "coordinates": [[[[51.3162113, 35.6692499], [51.3171757, 35.6690672], [51.3173637, 35.6698331], [51.3164239, 35.6700033], [51.3162113, 35.6692499]]]]}}, {"type": "Feature", "properties": {"id": 315, "name": "Industrial Area", "type": "industrial", "pollutionScore": 36}, "geometry": {"type": "MultiPolygon", "coordinates": [[[[51.3121902, 35.6677599], [51.3151171, 35.6677799], [51.3153051, 35.6677373], [51.3157087, 35.6691115], [51.3150001, 35.6692392], [51.3123196, 35.6693493], [51.3121902, 35.6677599]]]]}}, {"type": "Feature", "properties": {"id": 316, "name": "Industrial Area", "type": "industrial", "pollutionScore": 49}, "geometry": {"type": "MultiPolygon", "coordinates": [[[[51.315275, 35.6711351], [51.3166, 35.6709216], [51.3167481, 35.6727175], [51.3168012, 35.673362], [51.3154789, 35.6734317], [51.315275, 35.6711351]]]]}}, {"type": "Feature", "properties": {"id": 317, "name": "Industrial Area", "type": "industrial", "pollutionScore": 43}, "geometry": {"type": "MultiPolygon", "coordinates": [[[[51.3165989, 35.6707892], [51.3188332, 35.6704079], [51.3190263, 35.6725694], [51.3167481, 35.6727175], [51.3165989, 35.6707892]]]]}}, {"type": "Feature", "properties": {"id": 318, "name": "Industrial Area", "type": "industrial", "pollutionScore": 34}, "geometry": {"type": "MultiPolygon", "coordinates": [[[[51.541427, 35.6702056], [51.5418394, 35.6700235], [51.5420403, 35.6703239], [51.5416279, 35.6705059], [51.541427, 35.6702056]]]]}}, {"type": "Feature", "properties": {"id": 319, "name": "Industrial Area", "type": "industrial", "pollutionScore": 42}, "geometry": {"type": "MultiPolygon", "coordinates": [[[[51.5419648, 35.6699609], [51.5423772, 35.6697788], [51.5425782, 35.6700792], [51.5421658, 35.6702613], [51.5419648, 35.6699609]]]]}}, {"type": "Feature", "properties": {"id": 320, "name": "Industrial Area", "type": "industrial", "pollutionScore": 48}, "geometry": {"type": "MultiPolygon", "coordinates": [[[[51.3096192, 35.6697199], [51.3105968, 35.6696828], [51.3106337, 35.6703453], [51.3106478, 35.670598], [51.309642, 35.6706219], [51.3096331, 35.6702687], [51.3096192, 35.6697199]]]]}}, {"type": "Feature", "properties": {"id": 321, "name": "Industrial Area", "type": "industrial", "pollutionScore": 38}, "geometry": {"type": "MultiPolygon", "coordinates": [[[[51.3089097, 35.6702973], [51.3096331, 35.6702687], [51.309642, 35.6706219], [51.3089875, 35.6706524], [51.3089419, 35.6706067], [51.3089097, 35.6702973]]]]}}, {"type": "Feature", "properties": {"id": 322, "name": "Industrial Area", "type": "industrial", "pollutionScore": 48}, "geometry": {"type": "MultiPolygon", "coordinates": [[[[51.3088936, 35.6697503], [51.3089526, 35.6696915], [51.3096178, 35.6696654], [51.3096192, 35.6697199], [51.3096331, 35.6702687], [51.3089097, 35.6702973], [51.3088936, 35.6697503]]]]}}, {"type": "Feature", "properties": {"id": 323, "name": "Industrial Area", "type": "industrial", "pollutionScore": 45}, "geometry": {"type": "MultiPolygon", "coordinates": [[[[51.3105968, 35.6696828], [51.3120506, 35.6696131], [51.3121391, 35.6696762], [51.312182, 35.6702471], [51.3106337, 35.6703453], [51.3105968, 35.6696828]]]]}}, {"type": "Feature", "properties": {"id": 324, "name": "Industrial Area", "type": "industrial", "pollutionScore": 49}, "geometry": {"type": "MultiPolygon", "coordinates": [[[[51.3058939, 35.6698374], [51.3084799, 35.6697222], [51.3085292, 35.6704605], [51.3085292, 35.6714748], [51.3059429, 35.6718914], [51.3058939, 35.6698374]]]]}}]}